Date,FTSE,NASDAQ
2005-01-03,,2152.14990234375
2005-01-04,4847.0,2107.860107421875
2005-01-05,4806.0,2091.239990234375
2005-01-06,4824.2998046875,2090.0
2005-01-07,4854.10009765625,2088.610107421875
2005-01-10,4840.7001953125,2097.0400390625
2005-01-11,4818.7001953125,2079.6201171875
2005-01-12,4783.60009765625,2092.530029296875
2005-01-13,4800.2998046875,2070.56005859375
2005-01-14,4820.7998046875,2087.909912109375
2005-01-17,4846.7001953125,
2005-01-18,4823.89990234375,2106.0400390625
2005-01-19,4818.2998046875,2073.590087890625
2005-01-20,4800.7998046875,2045.8800048828125
2005-01-21,4803.2998046875,2034.27001953125
2005-01-24,4812.5,2008.699951171875
2005-01-25,4843.2001953125,2019.949951171875
2005-01-26,4847.10009765625,2046.0899658203125
2005-01-27,4853.39990234375,2047.1500244140625
2005-01-28,4832.7998046875,2035.8299560546875
2005-01-31,4852.2998046875,2062.409912109375
2005-02-01,4906.2001953125,2068.699951171875
2005-02-02,4916.2001953125,2075.06005859375
2005-02-03,4908.2998046875,2057.639892578125
2005-02-04,4941.5,2086.659912109375
2005-02-07,4979.7998046875,2082.030029296875
2005-02-08,4995.5,2086.679931640625
2005-02-09,4990.39990234375,2052.550048828125
2005-02-10,5000.0,2053.10009765625
2005-02-11,5044.2001953125,2076.659912109375
2005-02-14,5041.7998046875,2082.909912109375
2005-02-15,5058.89990234375,2089.2099609375
2005-02-16,5053.2001953125,2087.429931640625
2005-02-17,5057.39990234375,2061.340087890625
2005-02-18,5057.2001953125,2058.6201171875
2005-02-21,5060.7998046875,
2005-02-22,5032.89990234375,2030.3199462890625
2005-02-23,4988.5,2031.25
2005-02-24,4972.10009765625,2051.699951171875
2005-02-25,5006.7998046875,2065.39990234375
2005-02-28,4968.5,2051.719970703125
2005-03-01,5000.5,2071.25
2005-03-02,4992.7998046875,2067.5
2005-03-03,5014.7998046875,2058.39990234375
2005-03-04,5036.2998046875,2070.610107421875
2005-03-07,5027.2001953125,2090.2099609375
2005-03-08,5010.89990234375,2073.550048828125
2005-03-09,4996.10009765625,2061.2900390625
2005-03-10,4962.10009765625,2059.719970703125
2005-03-11,4982.10009765625,2041.5999755859375
2005-03-14,4975.0,2051.0400390625
2005-03-15,5000.2001953125,2034.97998046875
2005-03-16,4937.60009765625,2015.75
2005-03-17,4922.10009765625,2016.4200439453125
2005-03-18,4923.2998046875,2007.7900390625
2005-03-21,4933.5,2007.510009765625
2005-03-22,4937.2998046875,1989.3399658203125
2005-03-23,4910.39990234375,1990.219970703125
2005-03-24,4922.5,1991.06005859375
2005-03-28,,1992.52001953125
2005-03-29,4919.0,1973.8800048828125
2005-03-30,4900.7001953125,2005.6700439453125
2005-03-31,4894.39990234375,1999.22998046875
2005-04-01,4914.0,1984.81005859375
2005-04-04,4896.7001953125,1991.0699462890625
2005-04-05,4942.89990234375,1999.3199462890625
2005-04-06,4947.39990234375,1999.1400146484375
2005-04-07,4977.0,2018.7900390625
2005-04-08,4983.7001953125,1999.3499755859375
2005-04-11,4973.2998046875,1992.1199951171875
2005-04-12,4946.2001953125,2005.4000244140625
2005-04-13,4960.7998046875,1974.3699951171875
2005-04-14,4945.39990234375,1946.7099609375
2005-04-15,4891.60009765625,1908.1500244140625
2005-04-18,4827.10009765625,1912.9200439453125
2005-04-19,4855.60009765625,1932.3599853515625
2005-04-20,4822.0,1913.760009765625
2005-04-21,4819.60009765625,1962.4100341796875
2005-04-22,4849.2998046875,1932.18994140625
2005-04-25,4864.89990234375,1950.780029296875
2005-04-26,4845.5,1927.43994140625
2005-04-27,4789.39990234375,1930.4300537109375
2005-04-28,4790.2001953125,1904.1800537109375
2005-04-29,4801.7001953125,1921.6500244140625
2005-05-02,,1928.6500244140625
2005-05-03,4861.2998046875,1933.0699462890625
2005-05-04,4882.5,1962.22998046875
2005-05-05,4902.2998046875,1961.800048828125
2005-05-06,4918.89990234375,1967.3499755859375
2005-05-09,4910.2998046875,1979.6700439453125
2005-05-10,4892.39990234375,1962.77001953125
2005-05-11,4875.39990234375,1971.550048828125
2005-05-12,4893.2998046875,1963.8800048828125
2005-05-13,4886.5,1976.780029296875
2005-05-16,4884.2001953125,1994.4300537109375
2005-05-17,4898.5,2004.1500244140625
2005-05-18,4949.39990234375,2030.6500244140625
2005-05-19,4962.7001953125,2042.5799560546875
2005-05-20,4971.7998046875,2046.4200439453125
2005-05-23,4989.7998046875,2056.64990234375
2005-05-24,4982.5,2061.6201171875
2005-05-25,4971.5,2050.1201171875
2005-05-26,4994.89990234375,2071.239990234375
2005-05-27,4986.2998046875,2075.72998046875
2005-05-31,4964.0,2068.219970703125
2005-06-01,5011.0,2087.860107421875
2005-06-02,5005.0,2097.800048828125
2005-06-03,4999.39990234375,2071.429931640625
2005-06-06,4980.39990234375,2075.760009765625
2005-06-07,5025.2998046875,2067.159912109375
2005-06-08,5003.7001953125,2060.179931640625
2005-06-09,5009.2001953125,2076.909912109375
2005-06-10,5030.39990234375,2063.0
2005-06-13,5050.39990234375,2068.9599609375
2005-06-14,5046.7998046875,2069.0400390625
2005-06-15,5019.5,2074.919921875
2005-06-16,5045.0,2089.14990234375
2005-06-17,5077.60009765625,2090.110107421875
2005-06-20,5072.0,2088.1298828125
2005-06-21,5082.10009765625,2091.070068359375
2005-06-22,5099.2998046875,2092.030029296875
2005-06-23,5114.39990234375,2070.659912109375
2005-06-24,5079.0,2053.27001953125
2005-06-27,5043.5,2045.199951171875
2005-06-28,5090.39990234375,2069.889892578125
2005-06-29,5109.10009765625,2068.889892578125
2005-06-30,5113.2001953125,2056.9599609375
2005-07-01,5161.0,2057.3701171875
2005-07-04,5184.2998046875,
2005-07-05,5190.10009765625,2078.75
2005-07-06,5229.60009765625,2068.64990234375
2005-07-07,5158.2998046875,2075.659912109375
2005-07-08,5232.2001953125,2112.8798828125
2005-07-11,5242.39990234375,2135.429931640625
2005-07-12,5217.2001953125,2143.14990234375
2005-07-13,5245.89990234375,2144.110107421875
2005-07-14,5259.7001953125,2152.820068359375
2005-07-15,5230.89990234375,2156.780029296875
2005-07-18,5214.2001953125,2144.8701171875
2005-07-19,5201.60009765625,2173.179931640625
2005-07-20,5215.2001953125,2188.570068359375
2005-07-21,5221.60009765625,2178.60009765625
2005-07-22,5241.7998046875,2179.739990234375
2005-07-25,5270.7001953125,2166.739990234375
2005-07-26,5256.2001953125,2175.989990234375
2005-07-27,5263.60009765625,2186.219970703125
2005-07-28,5270.2998046875,2198.43994140625
2005-07-29,5282.2998046875,2184.830078125
2005-08-01,5290.89990234375,2195.3798828125
2005-08-02,5327.5,2218.14990234375
2005-08-03,5332.2998046875,2216.81005859375
2005-08-04,5315.5,2191.320068359375
2005-08-05,5314.7998046875,2177.909912109375
2005-08-08,5344.2998046875,2164.389892578125
2005-08-09,5363.7001953125,2174.18994140625
2005-08-10,5377.5,2157.81005859375
2005-08-11,5358.60009765625,2174.550048828125
2005-08-12,5345.7998046875,2156.89990234375
2005-08-15,5344.2001953125,2167.0400390625
2005-08-16,5322.39990234375,2137.06005859375
2005-08-17,5292.7001953125,2145.14990234375
2005-08-18,5269.2998046875,2136.080078125
2005-08-19,5312.60009765625,2135.56005859375
2005-08-22,5318.39990234375,2141.409912109375
2005-08-23,5300.2001953125,2137.25
2005-08-24,5275.2001953125,2128.909912109375
2005-08-25,5255.7001953125,2134.3701171875
2005-08-26,5228.10009765625,2120.77001953125
2005-08-29,,2137.64990234375
2005-08-30,5255.7998046875,2129.760009765625
2005-08-31,5296.89990234375,2152.090087890625
2005-09-01,5328.5,2147.89990234375
2005-09-02,5326.89990234375,2141.070068359375
2005-09-05,5337.7998046875,
2005-09-06,5359.2001953125,2166.860107421875
2005-09-07,5365.89990234375,2172.030029296875
2005-09-08,5340.7998046875,2166.030029296875
2005-09-09,5359.2998046875,2175.510009765625
2005-09-12,5375.10009765625,2182.830078125
2005-09-13,5338.0,2171.75
2005-09-14,5347.39990234375,2149.330078125
2005-09-15,5383.5,2146.14990234375
2005-09-16,5407.89990234375,2160.35009765625
2005-09-19,5429.7001953125,2145.260009765625
2005-09-20,5416.39990234375,2131.330078125
2005-09-21,5369.7001953125,2106.639892578125
2005-09-22,5385.7001953125,2110.780029296875
2005-09-23,5413.60009765625,2116.840087890625
2005-09-26,5453.10009765625,2121.4599609375
2005-09-27,5447.2998046875,2116.419921875
2005-09-28,5494.7998046875,2115.39990234375
2005-09-29,5478.2001953125,2141.219970703125
2005-09-30,5477.7001953125,2151.68994140625
2005-10-03,5501.60009765625,2155.429931640625
2005-10-04,5494.39990234375,2139.360107421875
2005-10-05,5427.7998046875,2103.02001953125
2005-10-06,5372.39990234375,2084.080078125
2005-10-07,5362.2998046875,2090.35009765625
2005-10-10,5374.60009765625,2078.919921875
2005-10-11,5380.7001953125,2061.090087890625
2005-10-12,5342.2001953125,2037.469970703125
2005-10-13,5265.2001953125,2047.219970703125
2005-10-14,5275.0,2064.830078125
2005-10-17,5286.5,2070.300048828125
2005-10-18,5263.89990234375,2056.0
2005-10-19,5167.89990234375,2091.239990234375
2005-10-20,5164.10009765625,2068.110107421875
2005-10-21,5142.10009765625,2082.2099609375
2005-10-24,5207.60009765625,2115.830078125
2005-10-25,5182.10009765625,2109.449951171875
2005-10-26,5227.7998046875,2100.050048828125
2005-10-27,5182.7998046875,2063.81005859375
2005-10-28,5213.39990234375,2089.8798828125
2005-10-31,5317.2998046875,2120.300048828125
2005-11-01,5344.2998046875,2114.050048828125
2005-11-02,5358.60009765625,2144.31005859375
2005-11-03,5431.89990234375,2160.219970703125
2005-11-04,5423.60009765625,2169.429931640625
2005-11-07,5460.7998046875,2178.239990234375
2005-11-08,5460.89990234375,2172.070068359375
2005-11-09,5439.7998046875,2175.81005859375
2005-11-10,5423.5,2196.679931640625
2005-11-11,5465.10009765625,2202.469970703125
2005-11-14,5470.0,2200.949951171875
2005-11-15,5439.60009765625,2186.739990234375
2005-11-16,5430.0,2187.929931640625
2005-11-17,5460.0,2220.4599609375
2005-11-18,5498.89990234375,2227.070068359375
2005-11-21,5497.89990234375,2241.669921875
2005-11-22,5517.2001953125,2253.56005859375
2005-11-23,5531.7001953125,2259.97998046875
2005-11-24,5511.0,
2005-11-25,5523.7998046875,2263.010009765625
2005-11-28,5477.39990234375,2239.3701171875
2005-11-29,5491.0,2232.7099609375
2005-11-30,5423.2001953125,2232.820068359375
2005-12-01,5486.10009765625,2267.169921875
2005-12-02,5528.10009765625,2273.3701171875
2005-12-05,5510.39990234375,2257.639892578125
2005-12-06,5538.7998046875,2260.760009765625
2005-12-07,5528.7998046875,2252.010009765625
2005-12-08,5531.10009765625,2246.4599609375
2005-12-09,5517.39990234375,2256.72998046875
2005-12-12,5501.5,2260.949951171875
2005-12-13,5507.2001953125,2265.0
2005-12-14,5521.10009765625,2262.590087890625
2005-12-15,5495.2998046875,2260.6298828125
2005-12-16,5531.60009765625,2252.47998046875
2005-12-19,5539.7998046875,2222.739990234375
2005-12-20,5547.89990234375,2222.419921875
2005-12-21,5587.39990234375,2231.659912109375
2005-12-22,5597.0,2246.489990234375
2005-12-23,5595.5,2249.419921875
2005-12-27,,2226.889892578125
2005-12-28,5622.7998046875,2228.93994140625
2005-12-29,5638.2998046875,2218.159912109375
2005-12-30,5618.7998046875,2205.320068359375
2006-01-03,5681.5,2243.739990234375
2006-01-04,5714.60009765625,2263.4599609375
2006-01-05,5691.2001953125,2276.8701171875
2006-01-06,5731.7998046875,2305.6201171875
2006-01-09,5731.5,2318.68994140625
2006-01-10,5688.7998046875,2320.320068359375
2006-01-11,5731.5,2331.360107421875
2006-01-12,5735.2001953125,2316.68994140625
2006-01-13,5711.0,2317.0400390625
2006-01-16,5740.2001953125,
2006-01-17,5699.0,2302.68994140625
2006-01-18,5663.7001953125,2279.639892578125
2006-01-19,5693.2001953125,2301.81005859375
2006-01-20,5672.39990234375,2247.699951171875
2006-01-23,5660.89990234375,2248.469970703125
2006-01-24,5633.7998046875,2265.25
2006-01-25,5704.39990234375,2260.64990234375
2006-01-26,5722.60009765625,2283.0
2006-01-27,5786.7998046875,2304.22998046875
2006-01-30,5779.7998046875,2306.780029296875
2006-01-31,5760.2998046875,2305.820068359375
2006-02-01,5801.60009765625,2310.56005859375
2006-02-02,5747.2998046875,2281.570068359375
2006-02-03,5759.2998046875,2262.580078125
2006-02-06,5772.39990234375,2258.800048828125
2006-02-07,5746.7998046875,2244.9599609375
2006-02-08,5725.10009765625,2266.97998046875
2006-02-09,5808.7998046875,2255.8701171875
2006-02-10,5764.10009765625,2261.8798828125
2006-02-13,5793.5,2239.81005859375
2006-02-14,5792.2998046875,2262.169921875
2006-02-15,5791.5,2276.429931640625
2006-02-16,5828.89990234375,2294.6298828125
2006-02-17,5846.2001953125,2282.360107421875
2006-02-20,5863.0,
2006-02-21,5857.7001953125,2262.9599609375
2006-02-22,5872.39990234375,2283.169921875
2006-02-23,5836.0,2279.320068359375
2006-02-24,5860.5,2287.0400390625
2006-02-27,5875.89990234375,2307.179931640625
2006-02-28,5791.5,2281.389892578125
2006-03-01,5844.10009765625,2314.639892578125
2006-03-02,5833.0,2311.110107421875
2006-03-03,5858.7001953125,2302.60009765625
2006-03-06,5897.7998046875,2286.030029296875
2006-03-07,5857.39990234375,2268.3798828125
2006-03-08,5812.89990234375,2267.4599609375
2006-03-09,5855.89990234375,2249.719970703125
2006-03-10,5907.89990234375,2262.0400390625
2006-03-13,5952.7998046875,2267.030029296875
2006-03-14,5950.60009765625,2295.89990234375
2006-03-15,5965.10009765625,2311.840087890625
2006-03-16,5993.2998046875,2299.56005859375
2006-03-17,5999.39990234375,2306.47998046875
2006-03-20,5991.7001953125,2314.110107421875
2006-03-21,5991.2998046875,2294.22998046875
2006-03-22,6007.5,2303.35009765625
2006-03-23,5990.10009765625,2300.14990234375
2006-03-24,6036.2998046875,2312.820068359375
2006-03-27,5972.2001953125,2315.580078125
2006-03-28,5935.7001953125,2304.4599609375
2006-03-29,5959.2001953125,2337.780029296875
2006-03-30,6015.2998046875,2340.820068359375
2006-03-31,5964.60009765625,2339.7900390625
2006-04-03,6024.2998046875,2336.739990234375
2006-04-04,6004.7001953125,2345.360107421875
2006-04-05,6044.10009765625,2359.75
2006-04-06,6045.7001953125,2361.169921875
2006-04-07,6026.10009765625,2339.02001953125
2006-04-10,6067.0,2333.27001953125
2006-04-11,6016.5,2310.35009765625
2006-04-12,6000.7998046875,2314.679931640625
2006-04-13,6029.39990234375,2326.110107421875
2006-04-17,,2311.159912109375
2006-04-18,6044.10009765625,2356.139892578125
2006-04-19,6089.7998046875,2370.8798828125
2006-04-20,6081.39990234375,2362.550048828125
2006-04-21,6132.7001953125,2342.860107421875
2006-04-24,6098.7001953125,2333.3798828125
2006-04-25,6086.60009765625,2330.300048828125
2006-04-26,6104.2998046875,2333.6298828125
2006-04-27,6060.0,2344.949951171875
2006-04-28,6023.10009765625,2322.570068359375
2006-05-01,,2304.7900390625
2006-05-02,6082.10009765625,2309.840087890625
2006-05-03,6010.0,2303.969970703125
2006-05-04,6036.89990234375,2323.89990234375
2006-05-05,6091.7001953125,2342.570068359375
2006-05-08,6067.10009765625,2344.989990234375
2006-05-09,6105.60009765625,2338.25
2006-05-10,6083.39990234375,2320.739990234375
2006-05-11,6042.0,2272.699951171875
2006-05-12,5912.10009765625,2243.780029296875
2006-05-15,5841.2998046875,2238.52001953125
2006-05-16,5846.2001953125,2229.1298828125
2006-05-17,5675.5,2195.800048828125
2006-05-18,5671.60009765625,2180.320068359375
2006-05-19,5657.39990234375,2193.8798828125
2006-05-22,5532.7001953125,2172.860107421875
2006-05-23,5678.7001953125,2158.760009765625
2006-05-24,5587.10009765625,2169.169921875
2006-05-25,5677.7001953125,2198.239990234375
2006-05-26,5791.0,2210.3701171875
2006-05-30,5652.0,2164.739990234375
2006-05-31,5723.7998046875,2178.8798828125
2006-06-01,5749.7001953125,2219.860107421875
2006-06-02,5764.60009765625,2219.409912109375
2006-06-05,5762.10009765625,2169.6201171875
2006-06-06,5669.7998046875,2162.780029296875
2006-06-07,5706.2998046875,2151.800048828125
2006-06-08,5562.89990234375,2145.320068359375
2006-06-09,5655.2001953125,2135.06005859375
2006-06-12,5620.89990234375,2091.320068359375
2006-06-13,5519.60009765625,2072.469970703125
2006-06-14,5506.7998046875,2086.0
2006-06-15,5619.2998046875,2144.14990234375
2006-06-16,5597.39990234375,2129.949951171875
2006-06-19,5626.10009765625,2110.419921875
2006-06-20,5658.2001953125,2107.06005859375
2006-06-21,5665.0,2141.199951171875
2006-06-22,5684.10009765625,2122.97998046875
2006-06-23,5692.10009765625,2121.469970703125
2006-06-26,5681.2001953125,2133.669921875
2006-06-27,5652.2998046875,2100.25
2006-06-28,5678.60009765625,2111.840087890625
2006-06-29,5791.5,2174.3798828125
2006-06-30,5833.39990234375,2172.090087890625
2006-07-03,5884.39990234375,2190.429931640625
2006-07-04,5883.5,
2006-07-05,5826.7001953125,2153.340087890625
2006-07-06,5890.0,2155.090087890625
2006-07-07,5888.89990234375,2130.06005859375
2006-07-10,5896.89990234375,2116.929931640625
2006-07-11,5857.2998046875,2128.860107421875
2006-07-12,5860.60009765625,2090.239990234375
2006-07-13,5765.0,2054.110107421875
2006-07-14,5707.60009765625,2037.3499755859375
2006-07-17,5701.0,2037.719970703125
2006-07-18,5681.7001953125,2043.219970703125
2006-07-19,5778.0,2080.7099609375
2006-07-20,5770.89990234375,2039.4200439453125
2006-07-21,5719.7001953125,2020.3900146484375
2006-07-24,5833.89990234375,2061.840087890625
2006-07-25,5851.2001953125,2073.89990234375
2006-07-26,5877.10009765625,2070.4599609375
2006-07-27,5929.5,2054.469970703125
2006-07-28,5974.89990234375,2094.139892578125
2006-07-31,5928.2998046875,2091.469970703125
2006-08-01,5880.7998046875,2061.989990234375
2006-08-02,5932.10009765625,2078.81005859375
2006-08-03,5838.39990234375,2092.340087890625
2006-08-04,5889.39990234375,2085.050048828125
2006-08-07,5828.7998046875,2072.5
2006-08-08,5818.10009765625,2060.85009765625
2006-08-09,5860.5,2060.280029296875
2006-08-10,5823.39990234375,2071.739990234375
2006-08-11,5820.10009765625,2057.7099609375
2006-08-14,5870.89990234375,2069.0400390625
2006-08-15,5897.89990234375,2115.010009765625
2006-08-16,5896.60009765625,2149.5400390625
2006-08-17,5900.39990234375,2157.610107421875
2006-08-18,5903.39990234375,2163.949951171875
2006-08-21,5915.2001953125,2147.75
2006-08-22,5902.60009765625,2150.02001953125
2006-08-23,5860.0,2134.659912109375
2006-08-24,5869.10009765625,2137.110107421875
2006-08-25,5878.60009765625,2140.2900390625
2006-08-28,,2160.699951171875
2006-08-29,5888.2998046875,2172.300048828125
2006-08-30,5929.2998046875,2185.72998046875
2006-08-31,5906.10009765625,2183.75
2006-09-01,5949.2001953125,2193.159912109375
2006-09-04,5986.60009765625,
2006-09-05,5981.7001953125,2205.699951171875
2006-09-06,5929.2998046875,2167.840087890625
2006-09-07,5858.10009765625,2155.2900390625
2006-09-08,5879.2998046875,2165.7900390625
2006-09-11,5850.7998046875,2173.25
2006-09-12,5895.5,2215.820068359375
2006-09-13,5892.2001953125,2227.669921875
2006-09-14,5877.2001953125,2228.72998046875
2006-09-15,5877.0,2235.590087890625
2006-09-18,5890.2998046875,2235.75
2006-09-19,5831.7998046875,2222.3701171875
2006-09-20,5866.2001953125,2252.889892578125
2006-09-21,5896.7001953125,2237.75
2006-09-22,5822.2998046875,2218.929931640625
2006-09-25,5798.2998046875,2249.070068359375
2006-09-26,5873.60009765625,2261.340087890625
2006-09-27,5930.10009765625,2263.389892578125
2006-09-28,5971.2998046875,2270.02001953125
2006-09-29,5960.7998046875,2258.429931640625
2006-10-02,5957.7998046875,2237.60009765625
2006-10-03,5937.10009765625,2243.64990234375
2006-10-04,5966.5,2290.949951171875
2006-10-05,6004.5,2306.340087890625
2006-10-06,6001.2001953125,2299.989990234375
2006-10-09,6030.89990234375,2311.77001953125
2006-10-10,6072.7001953125,2315.429931640625
2006-10-11,6073.5,2308.27001953125
2006-10-12,6121.2998046875,2346.179931640625
2006-10-13,6157.2998046875,2357.2900390625
2006-10-16,6172.39990234375,2363.840087890625
2006-10-17,6108.60009765625,2344.949951171875
2006-10-18,6150.39990234375,2337.14990234375
2006-10-19,6156.0,2340.93994140625
2006-10-20,6155.2001953125,2342.300048828125
2006-10-23,6166.10009765625,2355.56005859375
2006-10-24,6182.5,2344.840087890625
2006-10-25,6214.60009765625,2356.590087890625
2006-10-26,6184.7998046875,2379.10009765625
2006-10-27,6160.89990234375,2350.6201171875
2006-10-30,6126.7998046875,2363.77001953125
2006-10-31,6129.2001953125,2366.7099609375
2006-11-01,6149.60009765625,2334.35009765625
2006-11-02,6149.2998046875,2334.02001953125
2006-11-03,6148.10009765625,2330.7900390625
2006-11-06,6224.5,2365.949951171875
2006-11-07,6244.0,2375.8798828125
2006-11-08,6239.0,2384.93994140625
2006-11-09,6231.5,2376.010009765625
2006-11-10,6208.39990234375,2389.719970703125
2006-11-13,6194.2001953125,2406.3798828125
2006-11-14,6186.60009765625,2430.659912109375
2006-11-15,6229.7998046875,2442.75
2006-11-16,6254.89990234375,2449.06005859375
2006-11-17,6192.0,2445.860107421875
2006-11-20,6204.5,2452.719970703125
2006-11-21,6202.60009765625,2454.840087890625
2006-11-22,6160.2998046875,2465.97998046875
2006-11-23,6140.0,
2006-11-24,6122.10009765625,2460.260009765625
2006-11-27,6050.10009765625,2405.919921875
2006-11-28,6025.89990234375,2412.610107421875
2006-11-29,6084.39990234375,2432.22998046875
2006-11-30,6048.89990234375,2431.77001953125
2006-12-01,6021.5,2413.2099609375
2006-12-04,6050.39990234375,2448.389892578125
2006-12-05,6086.39990234375,2452.3798828125
2006-12-06,6090.39990234375,2445.860107421875
2006-12-07,6131.5,2427.68994140625
2006-12-08,6152.39990234375,2437.360107421875
2006-12-11,6159.7998046875,2442.860107421875
2006-12-12,6156.39990234375,2431.60009765625
2006-12-13,6192.5,2432.409912109375
2006-12-14,6228.0,2453.85009765625
2006-12-15,6260.0,2457.199951171875
2006-12-18,6247.39990234375,2435.570068359375
2006-12-19,6204.0,2429.550048828125
2006-12-20,6198.60009765625,2427.610107421875
2006-12-21,6183.7001953125,2415.85009765625
2006-12-22,6190.0,2401.179931640625
2006-12-26,,2413.510009765625
2006-12-27,6245.2001953125,2431.219970703125
2006-12-28,6241.0,2425.570068359375
2006-12-29,6220.7998046875,2415.2900390625
2007-01-02,6310.89990234375,
2007-01-03,6319.0,2423.159912109375
2007-01-04,6287.0,2453.429931640625
2007-01-05,6220.10009765625,2434.25
2007-01-08,6194.2001953125,2438.199951171875
2007-01-09,6196.10009765625,2443.830078125
2007-01-10,6160.7001953125,2459.330078125
2007-01-11,6230.10009765625,2484.85009765625
2007-01-12,6239.0,2502.820068359375
2007-01-15,6263.5,
2007-01-16,6215.7001953125,2497.780029296875
2007-01-17,6204.5,2479.419921875
2007-01-18,6210.2998046875,2443.2099609375
2007-01-19,6237.2001953125,2451.31005859375
2007-01-22,6218.39990234375,2431.070068359375
2007-01-23,6227.60009765625,2431.409912109375
2007-01-24,6314.7998046875,2466.280029296875
2007-01-25,6269.2998046875,2434.239990234375
2007-01-26,6228.0,2435.489990234375
2007-01-29,6239.89990234375,2441.090087890625
2007-01-30,6242.0,2448.639892578125
2007-01-31,6203.10009765625,2463.929931640625
2007-02-01,6282.2001953125,2468.3798828125
2007-02-02,6310.89990234375,2475.8798828125
2007-02-05,6317.89990234375,2470.60009765625
2007-02-06,6346.2998046875,2471.489990234375
2007-02-07,6369.5,2490.5
2007-02-08,6346.39990234375,2488.669921875
2007-02-09,6382.7998046875,2459.820068359375
2007-02-12,6353.5,2450.3798828125
2007-02-13,6381.7998046875,2459.8798828125
2007-02-14,6421.2001953125,2488.3798828125
2007-02-15,6433.2998046875,2497.10009765625
2007-02-16,6419.5,2496.31005859375
2007-02-19,6444.39990234375,
2007-02-20,6412.2998046875,2513.0400390625
2007-02-21,6357.10009765625,2518.419921875
2007-02-22,6380.89990234375,2524.93994140625
2007-02-23,6401.5,2515.10009765625
2007-02-26,6434.7001953125,2504.52001953125
2007-02-27,6286.10009765625,2407.860107421875
2007-02-28,6171.5,2416.14990234375
2007-03-01,6116.0,2404.2099609375
2007-03-02,6116.2001953125,2368.0
2007-03-05,6058.7001953125,2340.679931640625
2007-03-06,6138.5,2385.139892578125
2007-03-07,6156.5,2374.639892578125
2007-03-08,6227.7001953125,2387.72998046875
2007-03-09,6245.2001953125,2387.550048828125
2007-03-12,6233.2998046875,2402.2900390625
2007-03-13,6161.2001953125,2350.570068359375
2007-03-14,6000.7001953125,2371.739990234375
2007-03-15,6133.2001953125,2378.699951171875
2007-03-16,6130.60009765625,2372.659912109375
2007-03-19,6189.39990234375,2394.409912109375
2007-03-20,6220.2998046875,2408.2099609375
2007-03-21,6256.7998046875,2455.919921875
2007-03-22,6318.0,2451.739990234375
2007-03-23,6339.39990234375,2448.929931640625
2007-03-26,6291.89990234375,2455.6298828125
2007-03-27,6292.60009765625,2437.429931640625
2007-03-28,6267.2001953125,2417.10009765625
2007-03-29,6324.2001953125,2417.8798828125
2007-03-30,6308.0,2421.639892578125
2007-04-02,6315.5,2422.260009765625
2007-04-03,6366.10009765625,2450.330078125
2007-04-04,6364.7001953125,2458.68994140625
2007-04-05,6397.2998046875,2471.340087890625
2007-04-09,,2469.179931640625
2007-04-10,6417.7998046875,2477.610107421875
2007-04-11,6413.2998046875,2459.31005859375
2007-04-12,6416.39990234375,2480.320068359375
2007-04-13,6462.39990234375,2491.93994140625
2007-04-16,6516.2001953125,2518.330078125
2007-04-17,6497.7998046875,2516.949951171875
2007-04-18,6449.39990234375,2510.5
2007-04-19,6440.60009765625,2505.35009765625
2007-04-20,6486.7998046875,2526.389892578125
2007-04-23,6479.7001953125,2523.669921875
2007-04-24,6429.5,2524.5400390625
2007-04-25,6462.0,2547.889892578125
2007-04-26,6469.39990234375,2554.4599609375
2007-04-27,6418.7001953125,2557.2099609375
2007-04-30,6449.2001953125,2525.090087890625
2007-05-01,6419.60009765625,2531.530029296875
2007-05-02,6484.5,2557.840087890625
2007-05-03,6537.7998046875,2565.4599609375
2007-05-04,6603.7001953125,2572.14990234375
2007-05-07,,2570.949951171875
2007-05-08,6550.39990234375,2571.75
2007-05-09,6549.60009765625,2576.340087890625
2007-05-10,6524.10009765625,2533.739990234375
2007-05-11,6565.7001953125,2562.219970703125
2007-05-14,6555.5,2546.43994140625
2007-05-15,6568.7001953125,2525.2900390625
2007-05-16,6559.5,2547.419921875
2007-05-17,6579.2998046875,2539.3798828125
2007-05-18,6640.89990234375,2558.449951171875
2007-05-21,6636.7998046875,2578.7900390625
2007-05-22,6606.60009765625,2588.02001953125
2007-05-23,6616.39990234375,2577.050048828125
2007-05-24,6565.5,2537.919921875
2007-05-25,6570.60009765625,2557.18994140625
2007-05-29,6606.5,2572.06005859375
2007-05-30,6602.10009765625,2592.590087890625
2007-05-31,6621.5,2604.52001953125
2007-06-01,6676.7001953125,2613.919921875
2007-06-04,6664.10009765625,2618.2900390625
2007-06-05,6632.7998046875,2611.22998046875
2007-06-06,6522.7001953125,2587.179931640625
2007-06-07,6505.10009765625,2541.3798828125
2007-06-08,6505.10009765625,2573.5400390625
2007-06-11,6567.5,2572.14990234375
2007-06-12,6520.5,2549.77001953125
2007-06-13,6559.60009765625,2582.31005859375
2007-06-14,6649.89990234375,2599.409912109375
2007-06-15,6732.39990234375,2626.7099609375
2007-06-18,6703.5,2626.60009765625
2007-06-19,6650.2001953125,2626.760009765625
2007-06-20,6649.2998046875,2599.9599609375
2007-06-21,6596.0,2616.9599609375
2007-06-22,6567.39990234375,2588.9599609375
2007-06-25,6588.39990234375,2577.080078125
2007-06-26,6559.2998046875,2574.159912109375
2007-06-27,6527.60009765625,2605.35009765625
2007-06-28,6571.2998046875,2608.3701171875
2007-06-29,6607.89990234375,2603.22998046875
2007-07-02,6590.60009765625,2632.300048828125
2007-07-03,6639.7998046875,2644.949951171875
2007-07-04,6673.10009765625,
2007-07-05,6635.2001953125,2656.64990234375
2007-07-06,6690.10009765625,2666.510009765625
2007-07-09,6712.7001953125,2670.02001953125
2007-07-10,6630.89990234375,2639.159912109375
2007-07-11,6615.10009765625,2651.7900390625
2007-07-12,6697.7001953125,2701.72998046875
2007-07-13,6716.7001953125,2707.0
2007-07-16,6697.7001953125,2697.330078125
2007-07-17,6659.2001953125,2712.2900390625
2007-07-18,6567.10009765625,2699.489990234375
2007-07-19,6640.2001953125,2720.0400390625
2007-07-20,6585.2001953125,2687.60009765625
2007-07-23,6624.39990234375,2690.580078125
2007-07-24,6498.7001953125,2639.860107421875
2007-07-25,6454.2998046875,2648.169921875
2007-07-26,6251.2001953125,2599.340087890625
2007-07-27,6215.2001953125,2562.239990234375
2007-07-30,6206.10009765625,2583.280029296875
2007-07-31,6360.10009765625,2546.27001953125
2007-08-01,6250.60009765625,2553.8701171875
2007-08-02,6300.2998046875,2575.97998046875
2007-08-03,6224.2998046875,2511.25
2007-08-06,6189.10009765625,2547.330078125
2007-08-07,6308.7998046875,2561.60009765625
2007-08-08,6393.89990234375,2612.97998046875
2007-08-09,6271.2001953125,2556.489990234375
2007-08-10,6038.2998046875,2544.889892578125
2007-08-13,6219.0,2542.239990234375
2007-08-14,6143.5,2499.1201171875
2007-08-15,6109.2998046875,2458.830078125
2007-08-16,5858.89990234375,2451.070068359375
2007-08-17,6064.2001953125,2505.030029296875
2007-08-20,6078.7001953125,2508.590087890625
2007-08-21,6086.10009765625,2521.300048828125
2007-08-22,6196.0,2552.800048828125
2007-08-23,6196.89990234375,2541.699951171875
2007-08-24,6220.10009765625,2576.68994140625
2007-08-27,,2561.25
2007-08-28,6102.2001953125,2500.639892578125
2007-08-29,6132.2001953125,2563.159912109375
2007-08-30,6212.0,2565.300048828125
2007-08-31,6303.2998046875,2596.360107421875
2007-09-03,6315.2001953125,
2007-09-04,6376.7998046875,2630.239990234375
2007-09-05,6270.7001953125,2605.949951171875
2007-09-06,6313.2998046875,2614.320068359375
2007-09-07,6191.2001953125,2565.699951171875
2007-09-10,6134.10009765625,2559.110107421875
2007-09-11,6280.7001953125,2597.469970703125
2007-09-12,6306.2001953125,2592.070068359375
2007-09-13,6363.89990234375,2601.06005859375
2007-09-14,6289.2998046875,2602.179931640625
2007-09-17,6182.7998046875,2581.659912109375
2007-09-18,6283.2998046875,2651.659912109375
2007-09-19,6460.0,2666.47998046875
2007-09-20,6429.0,2654.2900390625
2007-09-21,6456.7001953125,2671.219970703125
2007-09-24,6465.89990234375,2667.949951171875
2007-09-25,6396.89990234375,2683.449951171875
2007-09-26,6433.0,2699.030029296875
2007-09-27,6486.39990234375,2709.590087890625
2007-09-28,6466.7998046875,2701.5
2007-10-01,6506.2998046875,2740.989990234375
2007-10-02,6500.39990234375,2747.110107421875
2007-10-03,6535.2001953125,2729.429931640625
2007-10-04,6547.89990234375,2733.570068359375
2007-10-05,6595.7998046875,2780.320068359375
2007-10-08,6540.89990234375,2787.3701171875
2007-10-09,6615.39990234375,2803.909912109375
2007-10-10,6633.0,2811.610107421875
2007-10-11,6724.5,2772.199951171875
2007-10-12,6730.7001953125,2805.679931640625
2007-10-15,6644.5,2780.050048828125
2007-10-16,6614.2998046875,2763.909912109375
2007-10-17,6677.7001953125,2792.669921875
2007-10-18,6609.39990234375,2799.31005859375
2007-10-19,6527.89990234375,2725.159912109375
2007-10-22,6459.2998046875,2753.929931640625
2007-10-23,6514.0,2799.260009765625
2007-10-24,6482.0,2774.760009765625
2007-10-25,6576.2998046875,2750.860107421875
2007-10-26,6661.2998046875,2804.18994140625
2007-10-29,6706.0,2817.43994140625
2007-10-30,6659.0,2816.7099609375
2007-10-31,6721.60009765625,2859.1201171875
2007-11-01,6586.10009765625,2794.830078125
2007-11-02,6530.60009765625,2810.3798828125
2007-11-05,6461.39990234375,2795.179931640625
2007-11-06,6474.89990234375,2825.179931640625
2007-11-07,6385.10009765625,2748.760009765625
2007-11-08,6381.89990234375,2696.0
2007-11-09,6304.89990234375,2627.93994140625
2007-11-12,6337.89990234375,2584.1298828125
2007-11-13,6362.39990234375,2673.64990234375
2007-11-14,6432.10009765625,2644.320068359375
2007-11-15,6359.60009765625,2618.510009765625
2007-11-16,6291.2001953125,2637.239990234375
2007-11-19,6120.7998046875,2593.3798828125
2007-11-20,6226.5,2596.81005859375
2007-11-21,6070.89990234375,2562.14990234375
2007-11-22,6155.2998046875,
2007-11-23,6262.10009765625,2596.60009765625
2007-11-26,6180.5,2540.989990234375
2007-11-27,6140.7001953125,2580.800048828125
2007-11-28,6306.2001953125,2662.909912109375
2007-11-29,6349.10009765625,2668.1298828125
2007-11-30,6432.5,2660.9599609375
2007-12-03,6386.60009765625,2637.1298828125
2007-12-04,6315.2001953125,2619.830078125
2007-12-05,6493.7998046875,2666.360107421875
2007-12-06,6485.60009765625,2709.030029296875
2007-12-07,6554.89990234375,2706.159912109375
2007-12-10,6565.39990234375,2718.949951171875
2007-12-11,6536.89990234375,2652.35009765625
2007-12-12,6559.7998046875,2671.139892578125
2007-12-13,6364.2001953125,2668.489990234375
2007-12-14,6397.0,2635.739990234375
2007-12-17,6277.7998046875,2574.4599609375
2007-12-18,6279.2998046875,2596.030029296875
2007-12-19,6284.5,2601.010009765625
2007-12-20,6345.60009765625,2640.860107421875
2007-12-21,6434.10009765625,2691.989990234375
2007-12-24,6479.2998046875,2713.5
2007-12-26,,2724.409912109375
2007-12-27,6497.7998046875,2676.7900390625
2007-12-28,6476.89990234375,2674.4599609375
2007-12-31,6456.89990234375,2652.280029296875
2008-01-02,6416.7001953125,2609.6298828125
2008-01-03,6479.39990234375,2602.679931640625
2008-01-04,6348.5,2504.64990234375
2008-01-07,6335.7001953125,2499.4599609375
2008-01-08,6356.5,2440.510009765625
2008-01-09,6272.7001953125,2474.550048828125
2008-01-10,6222.7001953125,2488.52001953125
2008-01-11,6202.0,2439.93994140625
2008-01-14,6215.7001953125,2478.300048828125
2008-01-15,6025.60009765625,2417.590087890625
2008-01-16,5942.89990234375,2394.590087890625
2008-01-17,5902.39990234375,2346.89990234375
2008-01-18,5901.7001953125,2340.02001953125
2008-01-21,5578.2001953125,
2008-01-22,5740.10009765625,2292.27001953125
2008-01-23,5609.39990234375,2316.409912109375
2008-01-24,5875.7998046875,2360.919921875
2008-01-25,5869.0,2326.199951171875
2008-01-28,5788.89990234375,2349.909912109375
2008-01-29,5885.2001953125,2358.06005859375
2008-01-30,5837.2998046875,2349.0
2008-01-31,5879.7998046875,2389.860107421875
2008-02-01,6029.2001953125,2413.360107421875
2008-02-04,6026.2001953125,2382.85009765625
2008-02-05,5868.0,2309.570068359375
2008-02-06,5875.39990234375,2278.75
2008-02-07,5724.10009765625,2293.030029296875
2008-02-08,5784.0,2304.85009765625
2008-02-11,5707.7001953125,2320.06005859375
2008-02-12,5910.0,2320.0400390625
2008-02-13,5880.10009765625,2373.929931640625
2008-02-14,5879.2998046875,2332.5400390625
2008-02-15,5787.60009765625,2321.800048828125
2008-02-18,5946.60009765625,
2008-02-19,5966.89990234375,2306.199951171875
2008-02-20,5893.60009765625,2327.10009765625
2008-02-21,5932.2001953125,2299.780029296875
2008-02-22,5888.5,2303.35009765625
2008-02-25,5999.5,2327.47998046875
2008-02-26,6087.39990234375,2344.989990234375
2008-02-27,6076.5,2353.780029296875
2008-02-28,5965.7001953125,2331.570068359375
2008-02-29,5884.2998046875,2271.47998046875
2008-03-03,5818.60009765625,2258.60009765625
2008-03-04,5767.7001953125,2260.280029296875
2008-03-05,5853.5,2272.81005859375
2008-03-06,5766.39990234375,2220.5
2008-03-07,5699.89990234375,2212.489990234375
2008-03-10,5629.10009765625,2169.340087890625
2008-03-11,5690.39990234375,2255.760009765625
2008-03-12,5776.39990234375,2243.8701171875
2008-03-13,5692.39990234375,2263.610107421875
2008-03-14,5631.7001953125,2212.489990234375
2008-03-17,5414.39990234375,2177.010009765625
2008-03-18,5605.7998046875,2268.260009765625
2008-03-19,5545.60009765625,2209.9599609375
2008-03-20,5495.2001953125,2258.110107421875
2008-03-24,,2326.75
2008-03-25,5689.10009765625,2341.050048828125
2008-03-26,5660.39990234375,2324.360107421875
2008-03-27,5717.5,2280.830078125
2008-03-28,5692.89990234375,2261.179931640625
2008-03-31,5702.10009765625,2279.10009765625
2008-04-01,5852.60009765625,2362.75
2008-04-02,5915.89990234375,2361.39990234375
2008-04-03,5891.2998046875,2363.300048828125
2008-04-04,5947.10009765625,2370.97998046875
2008-04-07,6014.7998046875,2364.830078125
2008-04-08,5990.2001953125,2348.760009765625
2008-04-09,5983.89990234375,2322.1201171875
2008-04-10,5965.10009765625,2351.699951171875
2008-04-11,5895.5,2290.239990234375
2008-04-14,5831.60009765625,2275.820068359375
2008-04-15,5906.89990234375,2286.0400390625
2008-04-16,6046.2001953125,2350.110107421875
2008-04-17,5980.39990234375,2341.830078125
2008-04-18,6056.60009765625,2402.969970703125
2008-04-21,6053.0,2408.0400390625
2008-04-22,6034.7001953125,2376.93994140625
2008-04-23,6083.60009765625,2405.2099609375
2008-04-24,6050.7001953125,2428.919921875
2008-04-25,6091.39990234375,2422.929931640625
2008-04-28,6090.39990234375,2424.39990234375
2008-04-29,6089.39990234375,2426.10009765625
2008-04-30,6087.2998046875,2412.800048828125
2008-05-01,6087.2998046875,2480.7099609375
2008-05-02,6215.5,2476.989990234375
2008-05-05,,2464.1201171875
2008-05-06,6215.2998046875,2483.31005859375
2008-05-07,6261.0,2438.489990234375
2008-05-08,6270.7998046875,2451.239990234375
2008-05-09,6204.7001953125,2445.52001953125
2008-05-12,6220.7001953125,2488.489990234375
2008-05-13,6211.89990234375,2495.1201171875
2008-05-14,6216.0,2496.699951171875
2008-05-15,6251.7998046875,2533.72998046875
2008-05-16,6304.2998046875,2528.85009765625
2008-05-19,6376.5,2516.090087890625
2008-05-20,6191.60009765625,2492.260009765625
2008-05-21,6198.10009765625,2448.27001953125
2008-05-22,6181.60009765625,2464.580078125
2008-05-23,6087.2998046875,2444.669921875
2008-05-27,6058.5,2481.239990234375
2008-05-28,6069.60009765625,2486.699951171875
2008-05-29,6068.10009765625,2508.320068359375
2008-05-30,6053.5,2522.659912109375
2008-06-02,6007.60009765625,2491.530029296875
2008-06-03,6057.7001953125,2480.47998046875
2008-06-04,5970.10009765625,2503.139892578125
2008-06-05,5995.2998046875,2549.93994140625
2008-06-06,5906.7998046875,2474.56005859375
2008-06-09,5877.60009765625,2459.4599609375
2008-06-10,5827.2998046875,2448.93994140625
2008-06-11,5723.2998046875,2394.010009765625
2008-06-12,5790.5,2404.35009765625
2008-06-13,5802.7998046875,2454.5
2008-06-16,5794.60009765625,2474.780029296875
2008-06-17,5861.89990234375,2457.72998046875
2008-06-18,5756.89990234375,2429.7099609375
2008-06-19,5708.39990234375,2462.06005859375
2008-06-20,5620.7998046875,2406.090087890625
2008-06-23,5667.2001953125,2385.739990234375
2008-06-24,5634.7001953125,2368.280029296875
2008-06-25,5666.10009765625,2401.260009765625
2008-06-26,5518.2001953125,2321.3701171875
2008-06-27,5530.0,2315.6298828125
2008-06-30,5625.89990234375,2292.97998046875
2008-07-01,5479.89990234375,2304.969970703125
2008-07-02,5426.2998046875,2251.4599609375
2008-07-03,5476.60009765625,2245.3798828125
2008-07-04,5412.7998046875,
2008-07-07,5512.7001953125,2243.320068359375
2008-07-08,5440.5,2294.43994140625
2008-07-09,5529.60009765625,2234.889892578125
2008-07-10,5406.7998046875,2257.85009765625
2008-07-11,5261.60009765625,2239.080078125
2008-07-14,5300.39990234375,2212.8701171875
2008-07-15,5171.89990234375,2215.7099609375
2008-07-16,5150.60009765625,2284.85009765625
2008-07-17,5286.2998046875,2312.300048828125
2008-07-18,5376.39990234375,2282.780029296875
2008-07-21,5404.2998046875,2279.530029296875
2008-07-22,5364.2001953125,2303.9599609375
2008-07-23,5449.89990234375,2325.8798828125
2008-07-24,5362.2998046875,2280.110107421875
2008-07-25,5352.60009765625,2310.530029296875
2008-07-28,5312.60009765625,2264.219970703125
2008-07-29,5319.2001953125,2319.6201171875
2008-07-30,5420.7001953125,2329.719970703125
2008-07-31,5411.89990234375,2325.550048828125
2008-08-01,5354.7001953125,2310.9599609375
2008-08-04,5320.2001953125,2285.56005859375
2008-08-05,5454.5,2349.830078125
2008-08-06,5486.10009765625,2378.3701171875
2008-08-07,5477.5,2355.72998046875
2008-08-08,5489.2001953125,2414.10009765625
2008-08-11,5541.7998046875,2439.949951171875
2008-08-12,5534.5,2430.610107421875
2008-08-13,5448.60009765625,2428.6201171875
2008-08-14,5497.5,2453.669921875
2008-08-15,5454.7998046875,2452.52001953125
2008-08-18,5450.2001953125,2416.97998046875
2008-08-19,5320.39990234375,2384.360107421875
2008-08-20,5371.7998046875,2389.080078125
2008-08-21,5370.2001953125,2380.3798828125
2008-08-22,5505.60009765625,2414.7099609375
2008-08-25,,2365.590087890625
2008-08-26,5470.7001953125,2361.969970703125
2008-08-27,5528.2001953125,2382.4599609375
2008-08-28,5601.2001953125,2411.639892578125
2008-08-29,5636.60009765625,2367.52001953125
2008-09-01,5602.7998046875,
2008-09-02,5620.7001953125,2349.239990234375
2008-09-03,5499.7001953125,2333.72998046875
2008-09-04,5362.10009765625,2259.0400390625
2008-09-05,5240.7001953125,2255.8798828125
2008-09-08,5446.2998046875,2269.760009765625
2008-09-09,5415.60009765625,2209.81005859375
2008-09-10,5366.2001953125,2228.699951171875
2008-09-11,5318.39990234375,2258.219970703125
2008-09-12,5416.7001953125,2261.27001953125
2008-09-15,5204.2001953125,2179.909912109375
2008-09-16,5025.60009765625,2207.89990234375
2008-09-17,4912.39990234375,2098.85009765625
2008-09-18,4880.0,2199.10009765625
2008-09-19,5311.2998046875,2273.89990234375
2008-09-22,5236.2998046875,2178.97998046875
2008-09-23,5136.10009765625,2153.330078125
2008-09-24,5095.60009765625,2155.679931640625
2008-09-25,5197.0,2186.570068359375
2008-09-26,5088.5,2183.340087890625
2008-09-29,4818.7998046875,1983.72998046875
2008-09-30,4902.5,2091.8798828125
2008-10-01,4959.60009765625,2069.39990234375
2008-10-02,4870.2998046875,1976.719970703125
2008-10-03,4980.2998046875,1947.3900146484375
2008-10-06,4589.2001953125,1862.9599609375
2008-10-07,4605.2001953125,1754.8800048828125
2008-10-08,4366.7001953125,1740.3299560546875
2008-10-09,4313.7998046875,1645.1199951171875
2008-10-10,3932.10009765625,1649.510009765625
2008-10-13,4256.89990234375,1844.25
2008-10-14,4394.2001953125,1779.010009765625
2008-10-15,4079.60009765625,1628.3299560546875
2008-10-16,3861.39990234375,1717.7099609375
2008-10-17,4063.0,1711.2900390625
2008-10-20,4282.7001953125,1770.030029296875
2008-10-21,4229.7001953125,1696.6800537109375
2008-10-22,4040.89990234375,1615.75
2008-10-23,4087.800048828125,1603.9100341796875
2008-10-24,3883.39990234375,1552.030029296875
2008-10-27,3852.60009765625,1505.9000244140625
2008-10-28,3926.39990234375,1649.469970703125
2008-10-29,4242.5,1657.2099609375
2008-10-30,4291.7001953125,1698.52001953125
2008-10-31,4377.2998046875,1720.949951171875
2008-11-03,4443.2998046875,1726.3299560546875
2008-11-04,4639.5,1780.1199951171875
2008-11-05,4530.7001953125,1681.6400146484375
2008-11-06,4272.39990234375,1608.699951171875
2008-11-07,4365.0,1647.4000244140625
2008-11-10,4403.89990234375,1616.739990234375
2008-11-11,4246.7001953125,1580.9000244140625
2008-11-12,4182.0,1499.2099609375
2008-11-13,4169.2001953125,1596.699951171875
2008-11-14,4233.0,1516.8499755859375
2008-11-17,4132.2001953125,1482.050048828125
2008-11-18,4208.60009765625,1483.27001953125
2008-11-19,4005.699951171875,1386.4200439453125
2008-11-20,3875.0,1316.1199951171875
2008-11-21,3781.0,1384.3499755859375
2008-11-24,4153.0,1472.02001953125
2008-11-25,4171.2998046875,1464.72998046875
2008-11-26,4152.7001953125,1532.0999755859375
2008-11-27,4226.10009765625,
2008-11-28,4288.0,1535.5699462890625
2008-12-01,4065.5,1398.0699462890625
2008-12-02,4122.89990234375,1449.800048828125
2008-12-03,4170.0,1492.3800048828125
2008-12-04,4163.60009765625,1445.56005859375
2008-12-05,4049.39990234375,1509.31005859375
2008-12-08,4300.10009765625,1571.739990234375
2008-12-09,4381.2998046875,1547.3399658203125
2008-12-10,4367.2998046875,1565.47998046875
2008-12-11,4388.7001953125,1507.8800048828125
2008-12-12,4280.39990234375,1540.719970703125
2008-12-15,4277.60009765625,1508.3399658203125
2008-12-16,4309.10009765625,1589.8900146484375
2008-12-17,4324.2001953125,1579.31005859375
2008-12-18,4330.7001953125,1552.3699951171875
2008-12-19,4286.89990234375,1564.3199462890625
2008-12-22,4249.2001953125,1532.3499755859375
2008-12-23,4256.0,1521.5400390625
2008-12-24,4216.60009765625,1524.9000244140625
2008-12-26,,1530.239990234375
2008-12-29,4319.39990234375,1510.3199462890625
2008-12-30,4392.7001953125,1550.699951171875
2008-12-31,4434.2001953125,1577.030029296875
2009-01-02,4561.7998046875,1632.2099609375
2009-01-05,4579.60009765625,1628.030029296875
2009-01-06,4638.89990234375,1652.3800048828125
2009-01-07,4507.5,1599.06005859375
2009-01-08,4505.39990234375,1617.010009765625
2009-01-09,4448.5,1571.5899658203125
2009-01-12,4426.2001953125,1538.7900390625
2009-01-13,4399.2001953125,1546.4599609375
2009-01-14,4180.60009765625,1489.6400146484375
2009-01-15,4121.10009765625,1511.8399658203125
2009-01-16,4147.10009765625,1529.3299560546875
2009-01-19,4108.5,
2009-01-20,4091.39990234375,1440.8599853515625
2009-01-21,4059.89990234375,1507.0699462890625
2009-01-22,4052.199951171875,1465.489990234375
2009-01-23,4052.5,1477.2900390625
2009-01-26,4209.0,1489.4599609375
2009-01-27,4194.39990234375,1504.9000244140625
2009-01-28,4295.2001953125,1558.3399658203125
2009-01-29,4190.10009765625,1507.8399658203125
2009-01-30,4149.60009765625,1476.4200439453125
2009-02-02,4077.800048828125,1494.4300537109375
2009-02-03,4164.5,1516.300048828125
2009-02-04,4228.60009765625,1515.050048828125
2009-02-05,4228.89990234375,1546.239990234375
2009-02-06,4291.89990234375,1591.7099609375
2009-02-09,4307.60009765625,1591.56005859375
2009-02-10,4213.10009765625,1524.72998046875
2009-02-11,4234.2998046875,1530.5
2009-02-12,4202.2001953125,1541.7099609375
2009-02-13,4189.60009765625,1534.3599853515625
2009-02-16,4134.7998046875,
2009-02-17,4034.10009765625,1470.6600341796875
2009-02-18,4006.800048828125,1467.969970703125
2009-02-19,4018.39990234375,1442.8199462890625
2009-02-20,3889.10009765625,1441.22998046875
2009-02-23,3850.699951171875,1387.719970703125
2009-02-24,3816.39990234375,1441.8299560546875
2009-02-25,3849.0,1425.4300537109375
2009-02-26,3915.60009765625,1391.469970703125
2009-02-27,3830.10009765625,1377.8399658203125
2009-03-02,3625.800048828125,1322.8499755859375
2009-03-03,3512.10009765625,1321.010009765625
2009-03-04,3645.89990234375,1353.739990234375
2009-03-05,3529.89990234375,1299.5899658203125
2009-03-06,3530.699951171875,1293.8499755859375
2009-03-09,3542.39990234375,1268.6400146484375
2009-03-10,3715.199951171875,1358.280029296875
2009-03-11,3693.800048828125,1371.6400146484375
2009-03-12,3712.10009765625,1426.0999755859375
2009-03-13,3753.699951171875,1431.5
2009-03-16,3864.0,1404.02001953125
2009-03-17,3857.10009765625,1462.1099853515625
2009-03-18,3805.0,1491.219970703125
2009-03-19,3816.89990234375,1483.47998046875
2009-03-20,3842.89990234375,1457.27001953125
2009-03-23,3952.800048828125,1555.77001953125
2009-03-24,3911.5,1516.52001953125
2009-03-25,3900.300048828125,1528.949951171875
2009-03-26,3925.199951171875,1587.0
2009-03-27,3898.89990234375,1545.199951171875
2009-03-30,3762.89990234375,1501.800048828125
2009-03-31,3926.10009765625,1528.5899658203125
2009-04-01,3955.60009765625,1551.5999755859375
2009-04-02,4125.0,1602.6300048828125
2009-04-03,4029.699951171875,1621.8699951171875
2009-04-06,3993.5,1606.7099609375
2009-04-07,3930.5,1561.6099853515625
2009-04-08,3925.5,1590.6600341796875
2009-04-09,3983.699951171875,1652.5400390625
2009-04-13,,1653.31005859375
2009-04-14,3989.0,1625.719970703125
2009-04-15,3968.39990234375,1626.800048828125
2009-04-16,4053.0,1670.43994140625
2009-04-17,4092.800048828125,1673.0699462890625
2009-04-20,3990.89990234375,1608.2099609375
2009-04-21,3987.5,1643.8499755859375
2009-04-22,4030.699951171875,1646.1199951171875
2009-04-23,4018.199951171875,1652.2099609375
2009-04-24,4156.0,1694.2900390625
2009-04-27,4167.0,1679.4100341796875
2009-04-28,4096.39990234375,1673.81005859375
2009-04-29,4189.60009765625,1711.93994140625
2009-04-30,4243.7001953125,1717.300048828125
2009-05-01,4243.2001953125,1719.199951171875
2009-05-04,,1763.56005859375
2009-05-05,4336.89990234375,1754.1199951171875
2009-05-06,4396.5,1759.0999755859375
2009-05-07,4398.7001953125,1716.239990234375
2009-05-08,4462.10009765625,1739.0
2009-05-11,4435.5,1731.239990234375
2009-05-12,4425.5,1715.9200439453125
2009-05-13,4331.39990234375,1664.18994140625
2009-05-14,4362.60009765625,1689.2099609375
2009-05-15,4348.10009765625,1680.1400146484375
2009-05-18,4446.5,1732.3599853515625
2009-05-19,4482.2998046875,1734.5400390625
2009-05-20,4468.39990234375,1727.8399658203125
2009-05-21,4345.5,1695.25
2009-05-22,4365.2998046875,1692.010009765625
2009-05-26,4411.7001953125,1750.4300537109375
2009-05-27,4416.2001953125,1731.0799560546875
2009-05-28,4387.5,1751.7900390625
2009-05-29,4417.89990234375,1774.3299560546875
2009-06-01,4506.2001953125,1828.6800537109375
2009-06-02,4477.0,1836.800048828125
2009-06-03,4383.39990234375,1825.9200439453125
2009-06-04,4386.89990234375,1850.02001953125
2009-06-05,4438.60009765625,1849.4200439453125
2009-06-08,4405.2001953125,1842.4000244140625
2009-06-09,4404.7998046875,1860.1300048828125
2009-06-10,4436.7998046875,1853.0799560546875
2009-06-11,4461.89990234375,1862.3699951171875
2009-06-12,4442.0,1858.800048828125
2009-06-15,4326.0,1816.3800048828125
2009-06-16,4328.60009765625,1796.1800537109375
2009-06-17,4278.5,1808.06005859375
2009-06-18,4280.89990234375,1807.719970703125
2009-06-19,4345.89990234375,1827.469970703125
2009-06-22,4234.10009765625,1766.18994140625
2009-06-23,4230.0,1764.9200439453125
2009-06-24,4280.0,1792.3399658203125
2009-06-25,4252.60009765625,1829.5400390625
2009-06-26,4241.0,1838.219970703125
2009-06-29,4294.0,1844.06005859375
2009-06-30,4249.2001953125,1835.0400390625
2009-07-01,4340.7001953125,1845.719970703125
2009-07-02,4234.2998046875,1796.52001953125
2009-07-03,4236.2998046875,
2009-07-06,4194.89990234375,1787.4000244140625
2009-07-07,4187.0,1746.1700439453125
2009-07-08,4140.2001953125,1747.1700439453125
2009-07-09,4158.7001953125,1752.550048828125
2009-07-10,4127.2001953125,1756.030029296875
2009-07-13,4202.10009765625,1793.2099609375
2009-07-14,4237.7001953125,1799.72998046875
2009-07-15,4346.5,1862.9000244140625
2009-07-16,4361.7998046875,1885.030029296875
2009-07-17,4388.7998046875,1886.6099853515625
2009-07-20,4443.60009765625,1909.2900390625
2009-07-21,4481.2001953125,1916.199951171875
2009-07-22,4493.7001953125,1926.3800048828125
2009-07-23,4559.7998046875,1973.5999755859375
2009-07-24,4576.60009765625,1965.9599609375
2009-07-27,4586.10009765625,1967.8900146484375
2009-07-28,4528.7998046875,1975.510009765625
2009-07-29,4547.5,1967.760009765625
2009-07-30,4631.60009765625,1984.300048828125
2009-07-31,4608.39990234375,1978.5
2009-08-03,4682.5,2008.6099853515625
2009-08-04,4671.39990234375,2011.31005859375
2009-08-05,4647.10009765625,1993.050048828125
2009-08-06,4690.5,1973.1600341796875
2009-08-07,4731.60009765625,2000.25
2009-08-10,4722.2001953125,1992.239990234375
2009-08-11,4671.2998046875,1969.72998046875
2009-08-12,4716.7998046875,1998.719970703125
2009-08-13,4755.5,2009.3499755859375
2009-08-14,4714.0,1985.52001953125
2009-08-17,4645.0,1930.8399658203125
2009-08-18,4685.7998046875,1955.9200439453125
2009-08-19,4689.7001953125,1969.239990234375
2009-08-20,4756.60009765625,1989.219970703125
2009-08-21,4850.89990234375,2020.9000244140625
2009-08-24,4896.2001953125,2017.97998046875
2009-08-25,4916.7998046875,2024.22998046875
2009-08-26,4890.60009765625,2024.4300537109375
2009-08-27,4869.39990234375,2027.72998046875
2009-08-28,4908.89990234375,2028.77001953125
2009-08-31,,2009.06005859375
2009-09-01,4819.7001953125,1968.8900146484375
2009-09-02,4817.60009765625,1967.0699462890625
2009-09-03,4796.7998046875,1983.199951171875
2009-09-04,4851.7001953125,2018.780029296875
2009-09-07,4933.2001953125,
2009-09-08,4947.2998046875,2037.77001953125
2009-09-09,5004.2998046875,2060.389892578125
2009-09-10,4987.7001953125,2084.02001953125
2009-09-11,5011.5,2080.89990234375
2009-09-14,5018.89990234375,2091.780029296875
2009-09-15,5042.10009765625,2102.639892578125
2009-09-16,5124.10009765625,2133.14990234375
2009-09-17,5164.0,2126.75
2009-09-18,5172.89990234375,2132.860107421875
2009-09-21,5134.39990234375,2138.0400390625
2009-09-22,5142.60009765625,2146.300048828125
2009-09-23,5139.39990234375,2131.419921875
2009-09-24,5079.2998046875,2107.610107421875
2009-09-25,5082.2001953125,2090.919921875
2009-09-28,5165.7001953125,2130.739990234375
2009-09-29,5159.7001953125,2124.0400390625
2009-09-30,5133.89990234375,2122.419921875
2009-10-01,5047.7998046875,2057.47998046875
2009-10-02,4988.7001953125,2048.110107421875
2009-10-05,5024.2998046875,2068.14990234375
2009-10-06,5138.0,2103.570068359375
2009-10-07,5108.89990234375,2110.330078125
2009-10-08,5154.60009765625,2123.929931640625
2009-10-09,5161.89990234375,2139.280029296875
2009-10-12,5210.2001953125,2139.139892578125
2009-10-13,5154.2001953125,2139.889892578125
2009-10-14,5256.10009765625,2172.22998046875
2009-10-15,5223.0,2173.2900390625
2009-10-16,5190.2001953125,2156.800048828125
2009-10-19,5281.5,2176.320068359375
2009-10-20,5243.39990234375,2163.469970703125
2009-10-21,5257.89990234375,2150.72998046875
2009-10-22,5207.39990234375,2165.2900390625
2009-10-23,5242.60009765625,2154.469970703125
2009-10-26,5191.7001953125,2141.85009765625
2009-10-27,5201.0,2116.090087890625
2009-10-28,5080.39990234375,2059.610107421875
2009-10-29,5137.7001953125,2097.550048828125
2009-10-30,5044.60009765625,2045.1099853515625
2009-11-02,5104.5,2049.199951171875
2009-11-03,5037.2001953125,2057.320068359375
2009-11-04,5107.89990234375,2055.52001953125
2009-11-05,5125.60009765625,2105.320068359375
2009-11-06,5142.7001953125,2112.43994140625
2009-11-09,5235.2001953125,2154.06005859375
2009-11-10,5230.60009765625,2151.080078125
2009-11-11,5266.7998046875,2166.89990234375
2009-11-12,5276.5,2149.02001953125
2009-11-13,5296.39990234375,2167.8798828125
2009-11-16,5382.7001953125,2197.85009765625
2009-11-17,5345.89990234375,2203.780029296875
2009-11-18,5342.10009765625,2193.139892578125
2009-11-19,5267.7001953125,2156.820068359375
2009-11-20,5251.39990234375,2146.0400390625
2009-11-23,5355.5,2176.010009765625
2009-11-24,5324.0,2169.179931640625
2009-11-25,5364.7998046875,2176.050048828125
2009-11-26,5194.10009765625,
2009-11-27,5245.7001953125,2138.43994140625
2009-11-30,5190.7001953125,2144.60009765625
2009-12-01,5312.2001953125,2175.81005859375
2009-12-02,5327.39990234375,2185.030029296875
2009-12-03,5313.0,2173.139892578125
2009-12-04,5322.39990234375,2194.35009765625
2009-12-07,5310.7001953125,2189.610107421875
2009-12-08,5223.10009765625,2172.989990234375
2009-12-09,5203.89990234375,2183.72998046875
2009-12-10,5244.39990234375,2190.860107421875
2009-12-11,5261.60009765625,2190.31005859375
2009-12-14,5315.2998046875,2212.10009765625
2009-12-15,5285.7998046875,2201.050048828125
2009-12-16,5320.2998046875,2206.909912109375
2009-12-17,5217.60009765625,2180.050048828125
2009-12-18,5196.7998046875,2211.68994140625
2009-12-21,5294.0,2237.659912109375
2009-12-22,5328.7001953125,2252.669921875
2009-12-23,5372.39990234375,2269.639892578125
2009-12-24,5402.39990234375,2285.68994140625
2009-12-28,,2291.080078125
2009-12-29,5437.60009765625,2288.39990234375
2009-12-30,5397.89990234375,2291.280029296875
2009-12-31,5412.89990234375,2269.14990234375
2010-01-04,5500.2998046875,2308.419921875
2010-01-05,5522.5,2308.7099609375
2010-01-06,5530.0,2301.090087890625
2010-01-07,5526.7001953125,2300.050048828125
2010-01-08,5534.2001953125,2317.169921875
2010-01-11,5538.10009765625,2312.409912109375
2010-01-12,5498.7001953125,2282.31005859375
2010-01-13,5473.5,2307.89990234375
2010-01-14,5498.2001953125,2316.739990234375
2010-01-15,5455.39990234375,2287.989990234375
2010-01-18,5494.39990234375,
2010-01-19,5513.10009765625,2320.39990234375
2010-01-20,5420.7998046875,2291.25
2010-01-21,5335.10009765625,2265.699951171875
2010-01-22,5303.0,2205.2900390625
2010-01-25,5260.2998046875,2210.800048828125
2010-01-26,5276.89990234375,2203.72998046875
2010-01-27,5217.5,2221.409912109375
2010-01-28,5145.7001953125,2179.0
2010-01-29,5188.5,2147.35009765625
2010-02-01,5247.39990234375,2171.199951171875
2010-02-02,5283.2998046875,2190.06005859375
2010-02-03,5253.2001953125,2190.909912109375
2010-02-04,5139.2998046875,2125.429931640625
2010-02-05,5060.89990234375,2141.1201171875
2010-02-08,5092.2998046875,2126.050048828125
2010-02-09,5111.7998046875,2150.8701171875
2010-02-10,5132.0,2147.8701171875
2010-02-11,5161.5,2177.409912109375
2010-02-12,5142.5,2183.530029296875
2010-02-15,5167.5,
2010-02-16,5244.10009765625,2214.18994140625
2010-02-17,5276.60009765625,2226.2900390625
2010-02-18,5325.10009765625,2241.7099609375
2010-02-19,5358.2001953125,2243.8701171875
2010-02-22,5352.10009765625,2242.030029296875
2010-02-23,5315.10009765625,2213.43994140625
2010-02-24,5342.89990234375,2235.89990234375
2010-02-25,5278.2001953125,2234.219970703125
2010-02-26,5354.5,2238.260009765625
2010-03-01,5405.89990234375,2273.570068359375
2010-03-02,5484.10009765625,2280.7900390625
2010-03-03,5533.2001953125,2280.679931640625
2010-03-04,5527.2001953125,2292.31005859375
2010-03-05,5599.7998046875,2326.35009765625
2010-03-08,5606.7001953125,2332.2099609375
2010-03-09,5602.2998046875,2340.679931640625
2010-03-10,5640.60009765625,2358.949951171875
2010-03-11,5617.2998046875,2368.4599609375
2010-03-12,5625.7001953125,2367.659912109375
2010-03-15,5593.89990234375,2362.2099609375
2010-03-16,5620.39990234375,2378.010009765625
2010-03-17,5644.60009765625,2389.090087890625
2010-03-18,5642.60009765625,2391.280029296875
2010-03-19,5650.10009765625,2374.409912109375
2010-03-22,5644.5,2395.39990234375
2010-03-23,5673.60009765625,2415.239990234375
2010-03-24,5677.89990234375,2398.760009765625
2010-03-25,5727.7001953125,2397.409912109375
2010-03-26,5703.0,2395.1298828125
2010-03-29,5710.7001953125,2404.360107421875
2010-03-30,5672.2998046875,2410.68994140625
2010-03-31,5679.60009765625,2397.9599609375
2010-04-01,5744.89990234375,2402.580078125
2010-04-05,,2429.530029296875
2010-04-06,5780.39990234375,2436.81005859375
2010-04-07,5762.10009765625,2431.159912109375
2010-04-08,5712.7001953125,2436.81005859375
2010-04-09,5771.0,2454.050048828125
2010-04-12,5777.7001953125,2457.8701171875
2010-04-13,5761.7001953125,2465.989990234375
2010-04-14,5796.2998046875,2504.860107421875
2010-04-15,5825.0,2515.68994140625
2010-04-16,5744.0,2481.260009765625
2010-04-19,5727.89990234375,2480.110107421875
2010-04-20,5783.7001953125,2500.31005859375
2010-04-21,5723.39990234375,2504.610107421875
2010-04-22,5665.2998046875,2519.070068359375
2010-04-23,5723.7001953125,2530.14990234375
2010-04-26,5753.89990234375,2522.949951171875
2010-04-27,5603.5,2471.469970703125
2010-04-28,5586.60009765625,2471.72998046875
2010-04-29,5617.7998046875,2511.919921875
2010-04-30,5553.2998046875,2461.18994140625
2010-05-03,,2498.739990234375
2010-05-04,5411.10009765625,2424.25
2010-05-05,5341.89990234375,2402.2900390625
2010-05-06,5261.0,2319.639892578125
2010-05-07,5123.0,2265.639892578125
2010-05-10,5387.39990234375,2374.669921875
2010-05-11,5334.2001953125,2375.31005859375
2010-05-12,5383.5,2425.02001953125
2010-05-13,5433.7001953125,2394.360107421875
2010-05-14,5262.89990234375,2346.85009765625
2010-05-17,5262.5,2354.22998046875
2010-05-18,5307.2998046875,2317.260009765625
2010-05-19,5158.10009765625,2298.3701171875
2010-05-20,5073.10009765625,2204.010009765625
2010-05-21,5062.89990234375,2229.0400390625
2010-05-24,5069.60009765625,2213.550048828125
2010-05-25,4940.7001953125,2210.949951171875
2010-05-26,5038.10009765625,2195.8798828125
2010-05-27,5195.2001953125,2277.679931640625
2010-05-28,5188.39990234375,2257.0400390625
2010-06-01,5163.2998046875,2222.330078125
2010-06-02,5151.2998046875,2281.070068359375
2010-06-03,5211.2001953125,2303.030029296875
2010-06-04,5126.0,2219.169921875
2010-06-07,5069.10009765625,2173.89990234375
2010-06-08,5028.2001953125,2170.570068359375
2010-06-09,5085.89990234375,2158.85009765625
2010-06-10,5132.5,2218.7099609375
2010-06-11,5163.7001953125,2243.60009765625
2010-06-14,5202.10009765625,2243.9599609375
2010-06-15,5217.7998046875,2305.8798828125
2010-06-16,5237.89990234375,2305.929931640625
2010-06-17,5253.89990234375,2307.159912109375
2010-06-18,5250.7998046875,2309.800048828125
2010-06-21,5299.10009765625,2289.090087890625
2010-06-22,5247.0,2261.800048828125
2010-06-23,5178.5,2254.22998046875
2010-06-24,5100.2001953125,2217.419921875
2010-06-25,5046.5,2223.47998046875
2010-06-28,5071.7001953125,2220.64990234375
2010-06-29,4914.2001953125,2135.179931640625
2010-06-30,4916.89990234375,2109.239990234375
2010-07-01,4805.7998046875,2101.360107421875
2010-07-02,4838.10009765625,2091.7900390625
2010-07-05,4823.5,
2010-07-06,4965.0,2093.8798828125
2010-07-07,5014.7998046875,2159.469970703125
2010-07-08,5105.5,2175.39990234375
2010-07-09,5132.89990234375,2196.449951171875
2010-07-12,5167.0,2198.360107421875
2010-07-13,5271.0,2242.030029296875
2010-07-14,5253.5,2249.840087890625
2010-07-15,5211.2998046875,2249.080078125
2010-07-16,5158.89990234375,2179.050048828125
2010-07-19,5148.2998046875,2198.22998046875
2010-07-20,5139.5,2222.489990234375
2010-07-21,5214.60009765625,2187.330078125
2010-07-22,5313.7998046875,2245.889892578125
2010-07-23,5312.60009765625,2269.469970703125
2010-07-26,5351.10009765625,2296.429931640625
2010-07-27,5365.7001953125,2288.25
2010-07-28,5319.7001953125,2264.56005859375
2010-07-29,5314.0,2251.68994140625
2010-07-30,5258.0,2254.699951171875
2010-08-02,5397.10009765625,2295.360107421875
2010-08-03,5396.5,2283.52001953125
2010-08-04,5386.2001953125,2303.570068359375
2010-08-05,5365.7998046875,2293.06005859375
2010-08-06,5332.39990234375,2288.469970703125
2010-08-09,5410.5,2305.68994140625
2010-08-10,5376.39990234375,2277.169921875
2010-08-11,5245.2001953125,2208.6298828125
2010-08-12,5266.10009765625,2190.27001953125
2010-08-13,5275.39990234375,2173.47998046875
2010-08-16,5276.10009765625,2181.8701171875
2010-08-17,5350.60009765625,2209.43994140625
2010-08-18,5302.89990234375,2215.699951171875
2010-08-19,5211.2998046875,2178.949951171875
2010-08-20,5195.2998046875,2179.760009765625
2010-08-23,5234.7998046875,2159.6298828125
2010-08-24,5156.0,2123.760009765625
2010-08-25,5109.39990234375,2141.5400390625
2010-08-26,5155.7998046875,2118.68994140625
2010-08-27,5201.60009765625,2153.6298828125
2010-08-30,,2119.969970703125
2010-08-31,5225.2001953125,2114.030029296875
2010-09-01,5366.39990234375,2176.840087890625
2010-09-02,5371.0,2200.010009765625
2010-09-03,5428.2001953125,2233.75
2010-09-06,5439.2001953125,
2010-09-07,5407.7998046875,2208.889892578125
2010-09-08,5429.7001953125,2228.8701171875
2010-09-09,5494.2001953125,2236.199951171875
2010-09-10,5501.60009765625,2242.47998046875
2010-09-13,5565.5,2285.7099609375
2010-09-14,5567.39990234375,2289.77001953125
2010-09-15,5555.60009765625,2301.320068359375
2010-09-16,5540.10009765625,2303.25
2010-09-17,5508.5,2315.610107421875
2010-09-20,5602.5,2355.830078125
2010-09-21,5576.2001953125,2349.35009765625
2010-09-22,5551.89990234375,2334.550048828125
2010-09-23,5547.10009765625,2327.080078125
2010-09-24,5598.5,2381.219970703125
2010-09-27,5573.39990234375,2369.77001953125
2010-09-28,5578.39990234375,2379.590087890625
2010-09-29,5569.2998046875,2376.56005859375
2010-09-30,5548.60009765625,2368.6201171875
2010-10-01,5592.89990234375,2370.75
2010-10-04,5556.0,2344.52001953125
2010-10-05,5635.7998046875,2399.830078125
2010-10-06,5681.39990234375,2380.659912109375
2010-10-07,5662.10009765625,2383.669921875
2010-10-08,5657.60009765625,2401.909912109375
2010-10-11,5672.39990234375,2402.330078125
2010-10-12,5661.60009765625,2417.919921875
2010-10-13,5747.39990234375,2441.22998046875
2010-10-14,5727.2001953125,2435.3798828125
2010-10-15,5703.39990234375,2468.77001953125
2010-10-18,5742.5,2480.659912109375
2010-10-19,5703.89990234375,2436.949951171875
2010-10-20,5728.89990234375,2457.389892578125
2010-10-21,5757.89990234375,2459.669921875
2010-10-22,5741.39990234375,2479.389892578125
2010-10-25,5752.0,2490.85009765625
2010-10-26,5707.2998046875,2497.2900390625
2010-10-27,5646.0,2503.260009765625
2010-10-28,5677.89990234375,2507.3701171875
2010-10-29,5675.2001953125,2507.409912109375
2010-11-01,5694.60009765625,2504.840087890625
2010-11-02,5757.39990234375,2533.52001953125
2010-11-03,5749.0,2540.27001953125
2010-11-04,5862.7998046875,2577.340087890625
2010-11-05,5875.39990234375,2578.97998046875
2010-11-08,5850.0,2580.050048828125
2010-11-09,5875.2001953125,2562.97998046875
2010-11-10,5816.89990234375,2578.780029296875
2010-11-11,5815.2001953125,2555.52001953125
2010-11-12,5796.89990234375,2518.2099609375
2010-11-15,5820.39990234375,2513.820068359375
2010-11-16,5681.89990234375,2469.840087890625
2010-11-17,5692.60009765625,2476.010009765625
2010-11-18,5768.7001953125,2514.39990234375
2010-11-19,5732.7998046875,2518.1201171875
2010-11-22,5680.7998046875,2532.02001953125
2010-11-23,5581.2998046875,2494.949951171875
2010-11-24,5657.10009765625,2543.1201171875
2010-11-25,5698.89990234375,
2010-11-26,5668.7001953125,2534.56005859375
2010-11-29,5551.0,2525.219970703125
2010-11-30,5528.2998046875,2498.22998046875
2010-12-01,5642.5,2549.429931640625
2010-12-02,5767.60009765625,2579.35009765625
2010-12-03,5745.2998046875,2591.4599609375
2010-12-06,5770.2998046875,2594.919921875
2010-12-07,5808.5,2598.489990234375
2010-12-08,5794.5,2609.159912109375
2010-12-09,5808.0,2616.669921875
2010-12-10,5813.0,2637.5400390625
2010-12-13,5860.7998046875,2624.909912109375
2010-12-14,5891.2001953125,2627.719970703125
2010-12-15,5882.2001953125,2617.219970703125
2010-12-16,5881.10009765625,2637.31005859375
2010-12-17,5871.7998046875,2642.969970703125
2010-12-20,5891.60009765625,2649.56005859375
2010-12-21,5951.7998046875,2667.610107421875
2010-12-22,5983.5,2671.47998046875
2010-12-23,5996.10009765625,2665.60009765625
2010-12-24,6008.89990234375,
2010-12-27,,2667.27001953125
2010-12-28,,2662.8798828125
2010-12-29,5996.39990234375,2666.929931640625
2010-12-30,5971.0,2662.97998046875
2010-12-31,5899.89990234375,2652.8701171875
2011-01-03,,2691.52001953125
2011-01-04,6013.89990234375,2681.25
2011-01-05,6043.89990234375,2702.199951171875
2011-01-06,6019.5,2709.889892578125
2011-01-07,5984.2998046875,2703.169921875
2011-01-10,5956.2998046875,2707.800048828125
2011-01-11,6014.0,2716.830078125
2011-01-12,6050.7001953125,2737.330078125
2011-01-13,6023.89990234375,2735.2900390625
2011-01-14,6002.10009765625,2755.300048828125
2011-01-17,5985.7001953125,
2011-01-18,6056.39990234375,2765.85009765625
2011-01-19,5976.7001953125,2725.360107421875
2011-01-20,5867.89990234375,2704.2900390625
2011-01-21,5896.2998046875,2689.5400390625
2011-01-24,5943.89990234375,2717.550048828125
2011-01-25,5917.7001953125,2719.25
2011-01-26,5969.2001953125,2739.5
2011-01-27,5965.10009765625,2755.280029296875
2011-01-28,5881.39990234375,2686.889892578125
2011-01-31,5862.89990234375,2700.080078125
2011-02-01,5957.7998046875,2751.18994140625
2011-02-02,6000.10009765625,2749.56005859375
2011-02-03,5983.2998046875,2753.8798828125
2011-02-04,5997.39990234375,2769.300048828125
2011-02-07,6051.0,2783.989990234375
2011-02-08,6091.2998046875,2797.050048828125
2011-02-09,6052.2998046875,2789.070068359375
2011-02-10,6020.0,2790.449951171875
2011-02-11,6062.89990234375,2809.43994140625
2011-02-14,6060.10009765625,2817.179931640625
2011-02-15,6037.10009765625,2804.35009765625
2011-02-16,6085.2998046875,2825.56005859375
2011-02-17,6087.39990234375,2831.580078125
2011-02-18,6083.0,2833.949951171875
2011-02-21,6014.7998046875,
2011-02-22,5996.7998046875,2756.419921875
2011-02-23,5923.5,2722.989990234375
2011-02-24,5920.0,2737.89990234375
2011-02-25,6001.2001953125,2781.050048828125
2011-02-28,5994.0,2782.27001953125
2011-03-01,5935.7998046875,2737.409912109375
2011-03-02,5914.89990234375,2748.070068359375
2011-03-03,6005.10009765625,2798.739990234375
2011-03-04,5990.39990234375,2784.669921875
2011-03-07,5973.7998046875,2745.6298828125
2011-03-08,5974.7998046875,2765.77001953125
2011-03-09,5937.2998046875,2751.719970703125
2011-03-10,5845.2998046875,2701.02001953125
2011-03-11,5828.7001953125,2715.610107421875
2011-03-14,5775.2001953125,2700.969970703125
2011-03-15,5695.2998046875,2667.330078125
2011-03-16,5598.2001953125,2616.820068359375
2011-03-17,5696.10009765625,2636.050048828125
2011-03-18,5718.10009765625,2643.669921875
2011-03-21,5786.10009765625,2692.090087890625
2011-03-22,5762.7001953125,2683.8701171875
2011-03-23,5795.89990234375,2698.300048828125
2011-03-24,5880.89990234375,2736.419921875
2011-03-25,5900.7998046875,2743.06005859375
2011-03-28,5904.5,2730.679931640625
2011-03-29,5932.2001953125,2756.889892578125
2011-03-30,5948.2998046875,2776.7900390625
2011-03-31,5908.7998046875,2781.070068359375
2011-04-01,6009.89990234375,2789.60009765625
2011-04-04,6017.0,2789.18994140625
2011-04-05,6007.10009765625,2791.18994140625
2011-04-06,6041.10009765625,2799.820068359375
2011-04-07,6007.39990234375,2796.139892578125
2011-04-08,6055.7998046875,2780.419921875
2011-04-11,6053.39990234375,2771.510009765625
2011-04-12,5964.5,2744.7900390625
2011-04-13,6010.39990234375,2761.52001953125
2011-04-14,5963.7998046875,2760.219970703125
2011-04-15,5996.0,2764.64990234375
2011-04-18,5870.10009765625,2735.3798828125
2011-04-19,5896.89990234375,2744.969970703125
2011-04-20,6022.2998046875,2802.510009765625
2011-04-21,6018.2998046875,2820.159912109375
2011-04-25,,2825.8798828125
2011-04-26,6069.39990234375,2847.5400390625
2011-04-27,6068.2001953125,2869.8798828125
2011-04-28,6069.89990234375,2872.530029296875
2011-04-29,,2873.5400390625
2011-05-02,,2864.080078125
2011-05-03,6082.89990234375,2841.6201171875
2011-05-04,5984.10009765625,2828.22998046875
2011-05-05,5920.0,2814.719970703125
2011-05-06,5976.7998046875,2827.56005859375
2011-05-09,5942.7001953125,2843.25
2011-05-10,6018.89990234375,2871.889892578125
2011-05-11,5976.0,2845.06005859375
2011-05-12,5945.0,2863.0400390625
2011-05-13,5925.89990234375,2828.469970703125
2011-05-16,5923.7001953125,2782.31005859375
2011-05-17,5861.0,2783.2099609375
2011-05-18,5923.5,2815.0
2011-05-19,5956.0,2823.31005859375
2011-05-20,5948.5,2803.320068359375
2011-05-23,5835.89990234375,2758.89990234375
2011-05-24,5858.39990234375,2746.159912109375
2011-05-25,5870.10009765625,2761.3798828125
2011-05-26,5881.0,2782.919921875
2011-05-27,5938.89990234375,2796.860107421875
2011-05-31,5990.0,2835.300048828125
2011-06-01,5928.60009765625,2769.18994140625
2011-06-02,5847.89990234375,2773.31005859375
2011-06-03,5855.0,2732.780029296875
2011-06-06,5863.2001953125,2702.56005859375
2011-06-07,5864.7001953125,2701.56005859375
2011-06-08,5808.89990234375,2675.3798828125
2011-06-09,5856.2998046875,2684.8701171875
2011-06-10,5765.7998046875,2643.72998046875
2011-06-13,5773.5,2639.68994140625
2011-06-14,5803.10009765625,2678.719970703125
2011-06-15,5742.60009765625,2631.4599609375
2011-06-16,5698.7998046875,2623.699951171875
2011-06-17,5714.89990234375,2616.47998046875
2011-06-20,5693.39990234375,2629.659912109375
2011-06-21,5775.2998046875,2687.260009765625
2011-06-22,5773.0,2669.18994140625
2011-06-23,5674.39990234375,2686.75
2011-06-24,5697.7001953125,2652.889892578125
2011-06-27,5722.2998046875,2688.280029296875
2011-06-28,5766.89990234375,2729.31005859375
2011-06-29,5856.0,2740.489990234375
2011-06-30,5945.7001953125,2773.52001953125
2011-07-01,5989.7998046875,2816.030029296875
2011-07-04,6017.5,
2011-07-05,6024.0,2825.77001953125
2011-07-06,6002.89990234375,2834.02001953125
2011-07-07,6054.60009765625,2872.659912109375
2011-07-08,5990.60009765625,2859.81005859375
2011-07-11,5929.2001953125,2802.6201171875
2011-07-12,5869.0,2781.909912109375
2011-07-13,5906.39990234375,2796.919921875
2011-07-14,5847.0,2762.669921875
2011-07-15,5843.7001953125,2789.800048828125
2011-07-18,5752.7998046875,2765.110107421875
2011-07-19,5790.0,2826.52001953125
2011-07-20,5853.7998046875,2814.22998046875
2011-07-21,5899.89990234375,2834.429931640625
2011-07-22,5935.0,2858.830078125
2011-07-25,5925.2998046875,2842.800048828125
2011-07-26,5929.7001953125,2839.9599609375
2011-07-27,5856.60009765625,2764.7900390625
2011-07-28,5873.2001953125,2766.25
2011-07-29,5815.2001953125,2756.3798828125
2011-08-01,5774.39990234375,2744.610107421875
2011-08-02,5718.39990234375,2669.239990234375
2011-08-03,5584.5,2693.070068359375
2011-08-04,5393.10009765625,2556.389892578125
2011-08-05,5247.0,2532.409912109375
2011-08-08,5069.0,2357.68994140625
2011-08-09,5164.89990234375,2482.52001953125
2011-08-10,5007.2001953125,2381.050048828125
2011-08-11,5162.7998046875,2492.679931640625
2011-08-12,5320.0,2507.97998046875
2011-08-15,5350.60009765625,2555.199951171875
2011-08-16,5357.60009765625,2523.449951171875
2011-08-17,5331.60009765625,2511.47998046875
2011-08-18,5092.2001953125,2380.429931640625
2011-08-19,5040.7998046875,2341.840087890625
2011-08-22,5095.2998046875,2345.3798828125
2011-08-23,5129.39990234375,2446.06005859375
2011-08-24,5205.89990234375,2467.68994140625
2011-08-25,5131.10009765625,2419.6298828125
2011-08-26,5129.89990234375,2479.85009765625
2011-08-29,,2562.110107421875
2011-08-30,5268.7001953125,2576.110107421875
2011-08-31,5394.5,2579.4599609375
2011-09-01,5418.7001953125,2546.0400390625
2011-09-02,5292.0,2480.330078125
2011-09-05,5102.60009765625,
2011-09-06,5156.7998046875,2473.830078125
2011-09-07,5318.60009765625,2548.93994140625
2011-09-08,5340.39990234375,2529.139892578125
2011-09-09,5214.7001953125,2467.989990234375
2011-09-12,5129.60009765625,2495.090087890625
2011-09-13,5174.2998046875,2532.14990234375
2011-09-14,5227.0,2572.550048828125
2011-09-15,5337.5,2607.070068359375
2011-09-16,5368.39990234375,2622.31005859375
2011-09-19,5259.60009765625,2612.830078125
2011-09-20,5363.7001953125,2590.239990234375
2011-09-21,5288.39990234375,2538.18994140625
2011-09-22,5041.60009765625,2455.669921875
2011-09-23,5066.7998046875,2483.22998046875
2011-09-26,5089.39990234375,2516.68994140625
2011-09-27,5294.10009765625,2546.830078125
2011-09-28,5217.60009765625,2491.580078125
2011-09-29,5196.7998046875,2480.760009765625
2011-09-30,5128.5,2415.39990234375
2011-10-03,5075.5,2335.830078125
2011-10-04,4944.39990234375,2404.820068359375
2011-10-05,5102.2001953125,2460.510009765625
2011-10-06,5291.2998046875,2506.820068359375
2011-10-07,5303.39990234375,2479.35009765625
2011-10-10,5399.0,2566.050048828125
2011-10-11,5395.7001953125,2583.030029296875
2011-10-12,5441.7998046875,2604.72998046875
2011-10-13,5403.39990234375,2620.239990234375
2011-10-14,5466.39990234375,2667.85009765625
2011-10-17,5436.7001953125,2614.919921875
2011-10-18,5410.39990234375,2657.429931640625
2011-10-19,5450.5,2604.0400390625
2011-10-20,5384.7001953125,2598.6201171875
2011-10-21,5488.7001953125,2637.4599609375
2011-10-24,5548.10009765625,2699.43994140625
2011-10-25,5525.5,2638.419921875
2011-10-26,5553.2001953125,2650.669921875
2011-10-27,5713.7998046875,2738.6298828125
2011-10-28,5702.2001953125,2737.14990234375
2011-10-31,5544.2001953125,2684.409912109375
2011-11-01,5421.60009765625,2606.9599609375
2011-11-02,5484.10009765625,2639.97998046875
2011-11-03,5545.60009765625,2697.969970703125
2011-11-04,5527.2001953125,2686.14990234375
2011-11-07,5510.7998046875,2695.25
2011-11-08,5567.2998046875,2727.489990234375
2011-11-09,5460.39990234375,2621.64990234375
2011-11-10,5444.7998046875,2625.14990234375
2011-11-11,5545.39990234375,2678.75
2011-11-14,5519.0,2657.219970703125
2011-11-15,5517.39990234375,2686.199951171875
2011-11-16,5509.0,2639.610107421875
2011-11-17,5423.10009765625,2587.989990234375
2011-11-18,5362.89990234375,2572.5
2011-11-21,5222.60009765625,2523.139892578125
2011-11-22,5206.7998046875,2521.280029296875
2011-11-23,5139.7998046875,2460.080078125
2011-11-24,5127.60009765625,
2011-11-25,5164.7001953125,2441.510009765625
2011-11-28,5312.7998046875,2527.340087890625
2011-11-29,5337.0,2515.510009765625
2011-11-30,5505.39990234375,2620.340087890625
2011-12-01,5489.2998046875,2626.199951171875
2011-12-02,5552.2998046875,2626.929931640625
2011-12-05,5568.0,2655.760009765625
2011-12-06,5568.7001953125,2649.56005859375
2011-12-07,5546.89990234375,2649.2099609375
2011-12-08,5483.7998046875,2596.3798828125
2011-12-09,5529.2001953125,2646.85009765625
2011-12-12,5427.89990234375,2612.260009765625
2011-12-13,5490.2001953125,2579.27001953125
2011-12-14,5366.7998046875,2539.31005859375
2011-12-15,5400.89990234375,2541.010009765625
2011-12-16,5387.2998046875,2555.330078125
2011-12-19,5365.0,2523.139892578125
2011-12-20,5419.60009765625,2603.72998046875
2011-12-21,5389.7001953125,2577.969970703125
2011-12-22,5457.0,2599.449951171875
2011-12-23,5512.7001953125,2618.639892578125
2011-12-27,,2625.199951171875
2011-12-28,5507.39990234375,2589.97998046875
2011-12-29,5566.7998046875,2613.739990234375
2011-12-30,5572.2998046875,2605.14990234375
2012-01-03,5699.89990234375,2648.719970703125
2012-01-04,5668.5,2648.360107421875
2012-01-05,5624.2998046875,2669.860107421875
2012-01-06,5649.7001953125,2674.219970703125
2012-01-09,5612.2998046875,2676.56005859375
2012-01-10,5696.7001953125,2702.5
2012-01-11,5670.7998046875,2710.760009765625
2012-01-12,5662.39990234375,2724.699951171875
2012-01-13,5636.60009765625,2710.669921875
2012-01-16,5657.39990234375,
2012-01-17,5694.0,2728.080078125
2012-01-18,5702.39990234375,2769.7099609375
2012-01-19,5741.2001953125,2788.330078125
2012-01-20,5728.60009765625,2786.699951171875
2012-01-23,5782.60009765625,2784.169921875
2012-01-24,5751.89990234375,2786.639892578125
2012-01-25,5723.0,2818.31005859375
2012-01-26,5795.2001953125,2805.280029296875
2012-01-27,5733.5,2816.550048828125
2012-01-30,5671.10009765625,2811.93994140625
2012-01-31,5681.60009765625,2813.840087890625
2012-02-01,5790.7001953125,2848.27001953125
2012-02-02,5796.10009765625,2859.679931640625
2012-02-03,5901.10009765625,2905.659912109375
2012-02-06,5892.2001953125,2901.989990234375
2012-02-07,5890.2998046875,2904.080078125
2012-02-08,5875.89990234375,2915.860107421875
2012-02-09,5895.5,2927.22998046875
2012-02-10,5852.39990234375,2903.8798828125
2012-02-13,5905.7001953125,2931.389892578125
2012-02-14,5899.89990234375,2931.830078125
2012-02-15,5892.2001953125,2915.830078125
2012-02-16,5885.39990234375,2959.85009765625
2012-02-17,5905.10009765625,2951.780029296875
2012-02-20,5945.2998046875,
2012-02-21,5928.2001953125,2948.570068359375
2012-02-22,5916.60009765625,2933.169921875
2012-02-23,5937.89990234375,2956.97998046875
2012-02-24,5935.10009765625,2963.75
2012-02-27,5915.60009765625,2966.159912109375
2012-02-28,5927.89990234375,2986.760009765625
2012-02-29,5871.5,2966.889892578125
2012-03-01,5931.2998046875,2988.969970703125
2012-03-02,5911.10009765625,2976.18994140625
2012-03-05,5874.7998046875,2950.47998046875
2012-03-06,5765.7998046875,2910.320068359375
2012-03-07,5791.39990234375,2935.68994140625
2012-03-08,5859.7001953125,2970.419921875
2012-03-09,5887.5,2988.340087890625
2012-03-12,5892.7998046875,2983.659912109375
2012-03-13,5955.89990234375,3039.8798828125
2012-03-14,5945.39990234375,3040.72998046875
2012-03-15,5940.7001953125,3056.3701171875
2012-03-16,5965.60009765625,3055.260009765625
2012-03-19,5961.10009765625,3078.320068359375
2012-03-20,5891.39990234375,3074.14990234375
2012-03-21,5892.0,3075.320068359375
2012-03-22,5845.7001953125,3063.320068359375
2012-03-23,5854.89990234375,3067.919921875
2012-03-26,5902.7001953125,3122.570068359375
2012-03-27,5869.60009765625,3120.35009765625
2012-03-28,5809.0,3104.9599609375
2012-03-29,5742.0,3095.360107421875
2012-03-30,5768.5,3091.570068359375
2012-04-02,5874.89990234375,3119.699951171875
2012-04-03,5838.2998046875,3113.570068359375
2012-04-04,5703.7998046875,3068.090087890625
2012-04-05,5723.7001953125,3080.5
2012-04-09,,3047.080078125
2012-04-10,5595.60009765625,2991.219970703125
2012-04-11,5634.7001953125,3016.4599609375
2012-04-12,5710.5,3055.550048828125
2012-04-13,5651.7998046875,3011.330078125
2012-04-16,5666.2998046875,2988.39990234375
2012-04-17,5767.0,3042.820068359375
2012-04-18,5745.2998046875,3031.449951171875
2012-04-19,5744.60009765625,3007.56005859375
2012-04-20,5772.2001953125,3000.449951171875
2012-04-23,5665.60009765625,2970.449951171875
2012-04-24,5709.5,2961.60009765625
2012-04-25,5718.89990234375,3029.6298828125
2012-04-26,5748.7001953125,3050.610107421875
2012-04-27,5777.10009765625,3069.199951171875
2012-04-30,5737.7998046875,3046.360107421875
2012-05-01,5812.2001953125,3050.43994140625
2012-05-02,5758.10009765625,3059.85009765625
2012-05-03,5766.60009765625,3024.300048828125
2012-05-04,5655.10009765625,2956.340087890625
2012-05-07,,2957.760009765625
2012-05-08,5554.60009765625,2946.27001953125
2012-05-09,5530.10009765625,2934.7099609375
2012-05-10,5544.0,2933.639892578125
2012-05-11,5575.5,2933.820068359375
2012-05-14,5465.5,2902.580078125
2012-05-15,5437.60009765625,2893.760009765625
2012-05-16,5405.2998046875,2874.0400390625
2012-05-17,5338.39990234375,2813.68994140625
2012-05-18,5267.60009765625,2778.7900390625
2012-05-21,5304.5,2847.2099609375
2012-05-22,5403.2998046875,2839.080078125
2012-05-23,5266.39990234375,2850.1201171875
2012-05-24,5350.10009765625,2839.3798828125
2012-05-25,5351.5,2837.530029296875
2012-05-29,5391.10009765625,2870.989990234375
2012-05-30,5297.2998046875,2837.360107421875
2012-05-31,5320.89990234375,2827.340087890625
2012-06-01,5260.2001953125,2747.47998046875
2012-06-04,,2760.010009765625
2012-06-05,,2778.110107421875
2012-06-06,5384.10009765625,2844.719970703125
2012-06-07,5447.7998046875,2831.02001953125
2012-06-08,5435.10009765625,2858.419921875
2012-06-11,5432.39990234375,2809.72998046875
2012-06-12,5473.7001953125,2843.070068359375
2012-06-13,5483.7998046875,2818.610107421875
2012-06-14,5467.10009765625,2836.330078125
2012-06-15,5478.7998046875,2872.800048828125
2012-06-18,5491.10009765625,2895.330078125
2012-06-19,5586.2998046875,2929.760009765625
2012-06-20,5622.2998046875,2930.449951171875
2012-06-21,5566.39990234375,2859.090087890625
2012-06-22,5513.7001953125,2892.419921875
2012-06-25,5450.7001953125,2836.159912109375
2012-06-26,5447.0,2854.06005859375
2012-06-27,5523.89990234375,2875.320068359375
2012-06-28,5493.10009765625,2849.489990234375
2012-06-29,5571.2001953125,2935.050048828125
2012-07-02,5640.60009765625,2951.22998046875
2012-07-03,5687.7001953125,2976.080078125
2012-07-04,5684.5,
2012-07-05,5692.60009765625,2976.1201171875
2012-07-06,5662.60009765625,2937.330078125
2012-07-09,5627.2998046875,2931.77001953125
2012-07-10,5664.10009765625,2902.330078125
2012-07-11,5664.5,2887.97998046875
2012-07-12,5608.2998046875,2866.18994140625
2012-07-13,5666.10009765625,2908.469970703125
2012-07-16,5662.39990234375,2896.93994140625
2012-07-17,5629.10009765625,2910.0400390625
2012-07-18,5685.7998046875,2942.60009765625
2012-07-19,5714.2001953125,2965.89990234375
2012-07-20,5651.7998046875,2925.300048828125
2012-07-23,5533.89990234375,2890.14990234375
2012-07-24,5499.2001953125,2862.989990234375
2012-07-25,5498.2998046875,2854.239990234375
2012-07-26,5573.2001953125,2893.25
2012-07-27,5627.2001953125,2958.090087890625
2012-07-30,5693.60009765625,2945.840087890625
2012-07-31,5635.2998046875,2939.52001953125
2012-08-01,5712.7998046875,2920.2099609375
2012-08-02,5662.2998046875,2909.77001953125
2012-08-03,5787.2998046875,2967.89990234375
2012-08-06,5808.7998046875,2989.909912109375
2012-08-07,5841.2001953125,3015.860107421875
2012-08-08,5845.89990234375,3011.25
2012-08-09,5851.5,3018.639892578125
2012-08-10,5847.10009765625,3020.860107421875
2012-08-13,5831.89990234375,3022.52001953125
2012-08-14,5864.7998046875,3016.97998046875
2012-08-15,5833.0,3030.929931640625
2012-08-16,5834.5,3062.389892578125
2012-08-17,5852.39990234375,3076.590087890625
2012-08-20,5824.39990234375,3076.2099609375
2012-08-21,5857.5,3067.260009765625
2012-08-22,5774.2001953125,3073.669921875
2012-08-23,5776.60009765625,3053.39990234375
2012-08-24,5776.60009765625,3069.7900390625
2012-08-27,,3073.18994140625
2012-08-28,5775.7001953125,3077.139892578125
2012-08-29,5743.5,3081.18994140625
2012-08-30,5719.5,3048.7099609375
2012-08-31,5711.5,3066.9599609375
2012-09-03,5758.39990234375,
2012-09-04,5672.0,3075.06005859375
2012-09-05,5657.89990234375,3069.27001953125
2012-09-06,5777.2998046875,3135.81005859375
2012-09-07,5794.7998046875,3136.419921875
2012-09-10,5793.2001953125,3104.02001953125
2012-09-11,5792.2001953125,3104.530029296875
2012-09-12,5782.10009765625,3114.31005859375
2012-09-13,5819.89990234375,3155.830078125
2012-09-14,5915.60009765625,3183.949951171875
2012-09-17,5893.5,3178.669921875
2012-09-18,5868.2001953125,3177.800048828125
2012-09-19,5888.5,3182.6201171875
2012-09-20,5854.60009765625,3175.9599609375
2012-09-21,5852.60009765625,3179.9599609375
2012-09-24,5838.7998046875,3160.780029296875
2012-09-25,5859.7001953125,3117.72998046875
2012-09-26,5768.10009765625,3093.699951171875
2012-09-27,5779.39990234375,3136.60009765625
2012-09-28,5742.10009765625,3116.22998046875
2012-10-01,5820.5,3113.530029296875
2012-10-02,5809.5,3120.0400390625
2012-10-03,5825.7998046875,3135.22998046875
2012-10-04,5827.7998046875,3149.4599609375
2012-10-05,5871.0,3136.18994140625
2012-10-08,5841.7001953125,3112.35009765625
2012-10-09,5810.2998046875,3065.02001953125
2012-10-10,5776.7001953125,3051.780029296875
2012-10-11,5829.7998046875,3049.409912109375
2012-10-12,5793.2998046875,3044.110107421875
2012-10-15,5805.60009765625,3064.179931640625
2012-10-16,5870.5,3101.169921875
2012-10-17,5910.89990234375,3104.1201171875
2012-10-18,5917.10009765625,3072.8701171875
2012-10-19,5896.2001953125,3005.6201171875
2012-10-22,5882.89990234375,3016.9599609375
2012-10-23,5797.89990234375,2990.4599609375
2012-10-24,5804.7998046875,2981.699951171875
2012-10-25,5805.10009765625,2986.1201171875
2012-10-26,5806.7001953125,2987.949951171875
2012-10-29,5795.10009765625,
2012-10-30,5849.89990234375,
2012-10-31,5782.7001953125,2977.22998046875
2012-11-01,5861.89990234375,3020.06005859375
2012-11-02,5868.60009765625,2982.1298828125
2012-11-05,5839.10009765625,2999.659912109375
2012-11-06,5884.89990234375,3011.929931640625
2012-11-07,5791.60009765625,2937.2900390625
2012-11-08,5776.10009765625,2895.580078125
2012-11-09,5769.7001953125,2904.8701171875
2012-11-12,5767.2998046875,2904.25
2012-11-13,5786.2998046875,2883.889892578125
2012-11-14,5722.0,2846.81005859375
2012-11-15,5677.7998046875,2836.93994140625
2012-11-16,5605.60009765625,2853.1298828125
2012-11-19,5737.7001953125,2916.070068359375
2012-11-20,5748.10009765625,2916.679931640625
2012-11-21,5752.0,2926.550048828125
2012-11-22,5791.0,
2012-11-23,5819.10009765625,2966.85009765625
2012-11-26,5786.7001953125,2976.780029296875
2012-11-27,5799.7001953125,2967.7900390625
2012-11-28,5803.2998046875,2991.780029296875
2012-11-29,5870.2998046875,3012.030029296875
2012-11-30,5866.7998046875,3010.239990234375
2012-12-03,5871.2001953125,3002.199951171875
2012-12-04,5869.0,2996.68994140625
2012-12-05,5892.10009765625,2973.699951171875
2012-12-06,5901.39990234375,2989.27001953125
2012-12-07,5914.39990234375,2978.0400390625
2012-12-10,5921.60009765625,2986.9599609375
2012-12-11,5925.0,3022.300048828125
2012-12-12,5945.89990234375,3013.81005859375
2012-12-13,5929.60009765625,2992.159912109375
2012-12-14,5921.7998046875,2971.330078125
2012-12-17,5912.2001953125,3010.60009765625
2012-12-18,5935.89990234375,3054.530029296875
2012-12-19,5961.60009765625,3044.360107421875
2012-12-20,5958.2998046875,3050.389892578125
2012-12-21,5940.0,3021.010009765625
2012-12-24,5954.2001953125,3012.60009765625
2012-12-26,,2990.159912109375
2012-12-27,5954.2998046875,2985.909912109375
2012-12-28,5925.39990234375,2960.31005859375
2012-12-31,5897.7998046875,3019.510009765625
2013-01-02,6027.39990234375,3112.260009765625
2013-01-03,6047.2998046875,3100.570068359375
2013-01-04,6089.7998046875,3101.659912109375
2013-01-07,6064.60009765625,3098.81005859375
2013-01-08,6053.60009765625,3091.81005859375
2013-01-09,6098.7001953125,3105.81005859375
2013-01-10,6101.5,3121.760009765625
2013-01-11,6121.60009765625,3125.6298828125
2013-01-14,6107.89990234375,3117.5
2013-01-15,6117.2998046875,3110.780029296875
2013-01-16,6104.0,3117.5400390625
2013-01-17,6132.39990234375,3136.0
2013-01-18,6154.39990234375,3134.7099609375
2013-01-21,6181.0,
2013-01-22,6179.2001953125,3143.179931640625
2013-01-23,6197.60009765625,3153.669921875
2013-01-24,6264.89990234375,3130.3798828125
2013-01-25,6284.5,3149.7099609375
2013-01-28,6294.39990234375,3154.300048828125
2013-01-29,6339.2001953125,3153.659912109375
2013-01-30,6323.10009765625,3142.31005859375
2013-01-31,6276.89990234375,3142.1298828125
2013-02-01,6347.2001953125,3179.10009765625
2013-02-04,6246.7998046875,3131.169921875
2013-02-05,6282.7998046875,3171.580078125
2013-02-06,6295.2998046875,3168.47998046875
2013-02-07,6228.39990234375,3165.1298828125
2013-02-08,6263.89990234375,3193.8701171875
2013-02-11,6277.10009765625,3192.0
2013-02-12,6338.39990234375,3186.489990234375
2013-02-13,6359.10009765625,3196.8798828125
2013-02-14,6327.39990234375,3198.659912109375
2013-02-15,6328.2998046875,3192.030029296875
2013-02-18,6318.2001953125,
2013-02-19,6379.10009765625,3213.590087890625
2013-02-20,6395.39990234375,3164.409912109375
2013-02-21,6291.5,3131.489990234375
2013-02-22,6335.7001953125,3161.820068359375
2013-02-25,6355.39990234375,3116.25
2013-02-26,6270.39990234375,3129.64990234375
2013-02-27,6325.89990234375,3162.260009765625
2013-02-28,6360.7998046875,3160.18994140625
2013-03-01,6378.60009765625,3169.739990234375
2013-03-04,6345.60009765625,3182.030029296875
2013-03-05,6432.0,3224.1298828125
2013-03-06,6427.60009765625,3222.3701171875
2013-03-07,6439.2001953125,3232.090087890625
2013-03-08,6483.60009765625,3244.3701171875
2013-03-11,6503.60009765625,3252.8701171875
2013-03-12,6510.60009765625,3242.320068359375
2013-03-13,6481.5,3245.1201171875
2013-03-14,6529.39990234375,3258.929931640625
2013-03-15,6489.7001953125,3249.070068359375
2013-03-18,6457.89990234375,3237.590087890625
2013-03-19,6441.2998046875,3229.10009765625
2013-03-20,6432.7001953125,3254.18994140625
2013-03-21,6388.60009765625,3222.60009765625
2013-03-22,6392.7998046875,3245.0
2013-03-25,6378.39990234375,3235.300048828125
2013-03-26,6399.39990234375,3252.47998046875
2013-03-27,6387.60009765625,3256.52001953125
2013-03-28,6411.7001953125,3267.52001953125
2013-04-01,,3239.169921875
2013-04-02,6490.7001953125,3254.860107421875
2013-04-03,6420.2998046875,3218.60009765625
2013-04-04,6344.10009765625,3224.97998046875
2013-04-05,6249.7998046875,3203.860107421875
2013-04-08,6276.89990234375,3222.25
2013-04-09,6313.2001953125,3237.860107421875
2013-04-10,6387.39990234375,3297.25
2013-04-11,6416.10009765625,3300.159912109375
2013-04-12,6384.39990234375,3294.949951171875
2013-04-15,6343.60009765625,3216.489990234375
2013-04-16,6304.60009765625,3264.6298828125
2013-04-17,6244.2001953125,3204.669921875
2013-04-18,6243.7001953125,3166.360107421875
2013-04-19,6286.60009765625,3206.06005859375
2013-04-22,6280.60009765625,3233.550048828125
2013-04-23,6406.10009765625,3269.330078125
2013-04-24,6431.7998046875,3269.64990234375
2013-04-25,6442.60009765625,3289.989990234375
2013-04-26,6426.39990234375,3279.260009765625
2013-04-29,6458.0,3307.02001953125
2013-04-30,6430.10009765625,3328.7900390625
2013-05-01,6451.2998046875,3299.1298828125
2013-05-02,6460.7001953125,3340.6201171875
2013-05-03,6521.5,3378.6298828125
2013-05-06,,3392.969970703125
2013-05-07,6557.2998046875,3396.6298828125
2013-05-08,6583.5,3413.27001953125
2013-05-09,6592.7001953125,3409.169921875
2013-05-10,6625.0,3436.580078125
2013-05-13,6631.7998046875,3438.7900390625
2013-05-14,6686.10009765625,3462.610107421875
2013-05-15,6693.60009765625,3471.6201171875
2013-05-16,6687.7998046875,3465.239990234375
2013-05-17,6723.10009765625,3498.969970703125
2013-05-20,6755.60009765625,3496.429931640625
2013-05-21,6803.89990234375,3502.1201171875
2013-05-22,6840.2998046875,3463.300048828125
2013-05-23,6696.7998046875,3459.419921875
2013-05-24,6654.2998046875,3459.139892578125
2013-05-28,6762.0,3488.889892578125
2013-05-29,6627.2001953125,3467.52001953125
2013-05-30,6657.0,3491.300048828125
2013-05-31,6583.10009765625,3455.909912109375
2013-06-03,6525.10009765625,3465.3701171875
2013-06-04,6558.60009765625,3445.260009765625
2013-06-05,6419.2998046875,3401.47998046875
2013-06-06,6336.10009765625,3424.050048828125
2013-06-07,6412.0,3469.219970703125
2013-06-10,6400.5,3473.77001953125
2013-06-11,6340.10009765625,3436.949951171875
2013-06-12,6299.5,3400.429931640625
2013-06-13,6304.60009765625,3445.360107421875
2013-06-14,6308.2998046875,3423.56005859375
2013-06-17,6330.5,3452.1298828125
2013-06-18,6374.2001953125,3482.179931640625
2013-06-19,6348.7998046875,3443.199951171875
2013-06-20,6159.5,3364.639892578125
2013-06-21,6116.2001953125,3357.25
2013-06-24,6029.10009765625,3320.760009765625
2013-06-25,6101.89990234375,3347.889892578125
2013-06-26,6165.5,3376.219970703125
2013-06-27,6243.39990234375,3401.860107421875
2013-06-28,6215.5,3403.25
2013-07-01,6307.7998046875,3434.489990234375
2013-07-02,6303.89990234375,3433.39990234375
2013-07-03,6229.89990234375,3443.669921875
2013-07-04,6421.7001953125,
2013-07-05,6375.5,3479.3798828125
2013-07-08,6450.10009765625,3484.830078125
2013-07-09,6513.10009765625,3504.260009765625
2013-07-10,6505.0,3520.760009765625
2013-07-11,6543.39990234375,3578.300048828125
2013-07-12,6544.89990234375,3600.080078125
2013-07-15,6586.10009765625,3607.489990234375
2013-07-16,6556.39990234375,3598.5
2013-07-17,6571.89990234375,3610.0
2013-07-18,6634.39990234375,3611.280029296875
2013-07-19,6630.7001953125,3587.610107421875
2013-07-22,6623.2001953125,3600.389892578125
2013-07-23,6597.39990234375,3579.27001953125
2013-07-24,6620.39990234375,3579.60009765625
2013-07-25,6588.0,3605.18994140625
2013-07-26,6554.7998046875,3613.159912109375
2013-07-29,6560.2998046875,3599.139892578125
2013-07-30,6571.0,3616.469970703125
2013-07-31,6621.10009765625,3626.3701171875
2013-08-01,6682.0,3675.739990234375
2013-08-02,6647.89990234375,3689.590087890625
2013-08-05,6619.60009765625,3692.949951171875
2013-08-06,6604.2001953125,3665.77001953125
2013-08-07,6511.2001953125,3654.010009765625
2013-08-08,6529.7001953125,3669.1201171875
2013-08-09,6583.39990234375,3660.110107421875
2013-08-12,6574.2998046875,3669.949951171875
2013-08-13,6611.89990234375,3684.43994140625
2013-08-14,6587.39990234375,3669.27001953125
2013-08-15,6483.2998046875,3606.1201171875
2013-08-16,6500.0,3602.780029296875
2013-08-19,6465.7001953125,3589.090087890625
2013-08-20,6453.5,3613.590087890625
2013-08-21,6390.7998046875,3599.7900390625
2013-08-22,6446.89990234375,3638.7099609375
2013-08-23,6492.10009765625,3657.7900390625
2013-08-26,,3657.570068359375
2013-08-27,6441.0,3578.52001953125
2013-08-28,6430.10009765625,3593.35009765625
2013-08-29,6483.10009765625,3620.300048828125
2013-08-30,6412.89990234375,3589.8701171875
2013-09-02,6506.2001953125,
2013-09-03,6468.39990234375,3612.610107421875
2013-09-04,6474.7001953125,3649.0400390625
2013-09-05,6532.39990234375,3658.780029296875
2013-09-06,6547.2998046875,3660.010009765625
2013-09-09,6530.7001953125,3706.179931640625
2013-09-10,6584.0,3729.02001953125
2013-09-11,6588.39990234375,3725.010009765625
2013-09-12,6589.0,3715.969970703125
2013-09-13,6583.7998046875,3722.179931640625
2013-09-16,6622.89990234375,3717.85009765625
2013-09-17,6570.2001953125,3745.699951171875
2013-09-18,6558.7998046875,3783.639892578125
2013-09-19,6625.39990234375,3789.3798828125
2013-09-20,6596.39990234375,3774.72998046875
2013-09-23,6557.39990234375,3765.2900390625
2013-09-24,6571.5,3768.25
2013-09-25,6551.5,3761.10009765625
2013-09-26,6565.60009765625,3787.429931640625
2013-09-27,6512.7001953125,3781.590087890625
2013-09-30,6462.2001953125,3771.47998046875
2013-10-01,6460.0,3817.97998046875
2013-10-02,6437.5,3815.02001953125
2013-10-03,6449.0,3774.340087890625
2013-10-04,6453.89990234375,3807.75
2013-10-07,6437.2998046875,3770.3798828125
2013-10-08,6365.7998046875,3694.830078125
2013-10-09,6337.89990234375,3677.780029296875
2013-10-10,6430.5,3760.75
2013-10-11,6487.2001953125,3791.8701171875
2013-10-14,6507.7001953125,3815.280029296875
2013-10-15,6549.10009765625,3794.010009765625
2013-10-16,6571.60009765625,3839.429931640625
2013-10-17,6576.2001953125,3863.14990234375
2013-10-18,6622.60009765625,3914.280029296875
2013-10-21,6654.2001953125,3920.050048828125
2013-10-22,6695.7001953125,3929.570068359375
2013-10-23,6674.5,3907.070068359375
2013-10-24,6713.2001953125,3928.9599609375
2013-10-25,6721.2998046875,3943.360107421875
2013-10-28,6725.7998046875,3940.1298828125
2013-10-29,6774.7001953125,3952.340087890625
2013-10-30,6777.7001953125,3930.6201171875
2013-10-31,6731.39990234375,3919.7099609375
2013-11-01,6734.7001953125,3922.0400390625
2013-11-04,6763.60009765625,3936.590087890625
2013-11-05,6746.7998046875,3939.860107421875
2013-11-06,6741.7001953125,3931.949951171875
2013-11-07,6697.2001953125,3857.330078125
2013-11-08,6708.39990234375,3919.22998046875
2013-11-11,6728.39990234375,3919.7900390625
2013-11-12,6726.7998046875,3919.919921875
2013-11-13,6630.0,3965.580078125
2013-11-14,6666.10009765625,3972.739990234375
2013-11-15,6693.39990234375,3985.969970703125
2013-11-18,6723.5,3949.070068359375
2013-11-19,6698.0,3931.550048828125
2013-11-20,6681.10009765625,3921.27001953125
2013-11-21,6681.2998046875,3969.159912109375
2013-11-22,6674.2998046875,3991.64990234375
2013-11-25,6694.60009765625,3994.570068359375
2013-11-26,6636.2001953125,4017.75
2013-11-27,6649.5,4044.75
2013-11-28,6654.5,
2013-11-29,6650.60009765625,4059.889892578125
2013-12-02,6595.2998046875,4045.260009765625
2013-12-03,6532.39990234375,4037.199951171875
2013-12-04,6510.0,4038.0
2013-12-05,6498.2998046875,4033.169921875
2013-12-06,6552.0,4062.52001953125
2013-12-09,6559.5,4068.75
2013-12-10,6523.2998046875,4060.489990234375
2013-12-11,6507.7001953125,4003.81005859375
2013-12-12,6445.2998046875,3998.39990234375
2013-12-13,6440.0,4000.97998046875
2013-12-16,6522.2001953125,4029.52001953125
2013-12-17,6486.2001953125,4023.679931640625
2013-12-18,6492.10009765625,4070.06005859375
2013-12-19,6584.7001953125,4058.139892578125
2013-12-20,6606.60009765625,4104.740234375
2013-12-23,6678.60009765625,4148.89990234375
2013-12-24,6694.2001953125,4155.419921875
2013-12-26,,4167.18017578125
2013-12-27,6750.89990234375,4156.58984375
2013-12-30,6731.2998046875,4154.2001953125
2013-12-31,6749.10009765625,4176.58984375
2014-01-02,6717.89990234375,4143.06982421875
2014-01-03,6730.7001953125,4131.91015625
2014-01-06,6730.7001953125,4113.68017578125
2014-01-07,6755.5,4153.18017578125
2014-01-08,6721.7998046875,4165.60986328125
2014-01-09,6691.2998046875,4156.18994140625
2014-01-10,6739.89990234375,4174.669921875
2014-01-13,6757.2001953125,4113.2998046875
2014-01-14,6766.89990234375,4183.02001953125
2014-01-15,6819.89990234375,4214.8798828125
2014-01-16,6815.39990234375,4218.68994140625
2014-01-17,6829.2998046875,4197.580078125
2014-01-20,6836.7001953125,
2014-01-21,6834.2998046875,4225.759765625
2014-01-22,6826.2998046875,4243.0
2014-01-23,6773.2998046875,4218.8798828125
2014-01-24,6663.7001953125,4128.169921875
2014-01-27,6550.7001953125,4083.610107421875
2014-01-28,6572.2998046875,4097.9599609375
2014-01-29,6544.2998046875,4051.429931640625
2014-01-30,6538.5,4123.1298828125
2014-01-31,6510.39990234375,4103.8798828125
2014-02-03,6465.7001953125,3996.9599609375
2014-02-04,6449.2998046875,4031.52001953125
2014-02-05,6457.89990234375,4011.550048828125
2014-02-06,6558.2998046875,4057.1201171875
2014-02-07,6571.7001953125,4125.85986328125
2014-02-10,6591.60009765625,4148.169921875
2014-02-11,6672.7001953125,4191.0498046875
2014-02-12,6675.0,4201.2900390625
2014-02-13,6659.39990234375,4240.669921875
2014-02-14,6663.60009765625,4244.02001953125
2014-02-17,6736.0,
2014-02-18,6796.39990234375,4272.77978515625
2014-02-19,6796.7001953125,4237.9501953125
2014-02-20,6813.0,4267.5498046875
2014-02-21,6838.10009765625,4263.41015625
2014-02-24,6865.89990234375,4292.97021484375
2014-02-25,6830.5,4287.58984375
2014-02-26,6799.2001953125,4292.06005859375
2014-02-27,6810.2998046875,4318.93017578125
2014-02-28,6809.7001953125,4308.1201171875
2014-03-03,6708.39990234375,4277.2998046875
2014-03-04,6823.7998046875,4351.97021484375
2014-03-05,6775.39990234375,4357.97021484375
2014-03-06,6788.5,4352.1298828125
2014-03-07,6712.7001953125,4336.22021484375
2014-03-10,6689.5,4334.4501953125
2014-03-11,6685.5,4307.18994140625
2014-03-12,6620.89990234375,4323.330078125
2014-03-13,6553.7998046875,4260.419921875
2014-03-14,6527.89990234375,4245.39990234375
2014-03-17,6568.39990234375,4279.9501953125
2014-03-18,6605.2998046875,4333.31005859375
2014-03-19,6573.10009765625,4307.60009765625
2014-03-20,6542.39990234375,4319.2900390625
2014-03-21,6557.2001953125,4276.7900390625
2014-03-24,6520.39990234375,4226.39013671875
2014-03-25,6604.89990234375,4234.27001953125
2014-03-26,6605.2998046875,4173.580078125
2014-03-27,6588.2998046875,4151.22998046875
2014-03-28,6615.60009765625,4155.759765625
2014-03-31,6598.39990234375,4198.990234375
2014-04-01,6652.60009765625,4268.0400390625
2014-04-02,6659.0,4276.4599609375
2014-04-03,6649.10009765625,4237.740234375
2014-04-04,6695.60009765625,4127.72998046875
2014-04-07,6622.7998046875,4079.75
2014-04-08,6590.7001953125,4112.990234375
2014-04-09,6635.60009765625,4183.89990234375
2014-04-10,6642.0,4054.110107421875
2014-04-11,6561.7001953125,3999.72998046875
2014-04-14,6583.7998046875,4022.68994140625
2014-04-15,6541.60009765625,4034.159912109375
2014-04-16,6584.2001953125,4086.22998046875
2014-04-17,6625.2998046875,4095.52001953125
2014-04-21,,4121.5498046875
2014-04-22,6681.7998046875,4161.4599609375
2014-04-23,6674.7001953125,4126.97021484375
2014-04-24,6703.0,4148.33984375
2014-04-25,6685.7001953125,4075.56005859375
2014-04-28,6700.2001953125,4074.39990234375
2014-04-29,6769.89990234375,4103.5400390625
2014-04-30,6780.0,4114.56005859375
2014-05-01,6808.89990234375,4127.4501953125
2014-05-02,6822.39990234375,4123.89990234375
2014-05-05,,4138.06005859375
2014-05-06,6798.60009765625,4080.760009765625
2014-05-07,6796.39990234375,4067.669921875
2014-05-08,6839.2998046875,4051.5
2014-05-09,6814.60009765625,4071.8701171875
2014-05-12,6851.7998046875,4143.85986328125
2014-05-13,6873.10009765625,4130.169921875
2014-05-14,6878.5,4100.6298828125
2014-05-15,6840.89990234375,4069.2900390625
2014-05-16,6855.7998046875,4090.590087890625
2014-05-19,6844.60009765625,4125.81005859375
2014-05-20,6802.0,4096.89013671875
2014-05-21,6821.0,4131.5400390625
2014-05-22,6820.60009765625,4154.33984375
2014-05-23,6815.7998046875,4185.81005859375
2014-05-27,6844.89990234375,4237.06982421875
2014-05-28,6851.2001953125,4225.080078125
2014-05-29,6871.2998046875,4247.9501953125
2014-05-30,6844.5,4242.6201171875
2014-06-02,6864.10009765625,4237.2001953125
2014-06-03,6836.2998046875,4234.080078125
2014-06-04,6818.60009765625,4251.64013671875
2014-06-05,6813.5,4296.22998046875
2014-06-06,6858.2001953125,4321.39990234375
2014-06-09,6875.0,4336.240234375
2014-06-10,6873.60009765625,4338.0
2014-06-11,6838.89990234375,4331.93017578125
2014-06-12,6843.10009765625,4297.6298828125
2014-06-13,6777.89990234375,4310.64990234375
2014-06-16,6754.60009765625,4321.10009765625
2014-06-17,6766.7998046875,4337.22998046875
2014-06-18,6778.60009765625,4362.83984375
2014-06-19,6808.10009765625,4359.330078125
2014-06-20,6825.2001953125,4368.0400390625
2014-06-23,6800.60009765625,4368.68017578125
2014-06-24,6787.10009765625,4350.35009765625
2014-06-25,6733.60009765625,4379.759765625
2014-06-26,6735.10009765625,4379.0498046875
2014-06-27,6757.7998046875,4397.93017578125
2014-06-30,6743.89990234375,4408.18017578125
2014-07-01,6802.89990234375,4458.64990234375
2014-07-02,6816.39990234375,4457.72998046875
2014-07-03,6865.2001953125,4485.93017578125
2014-07-04,6866.10009765625,
2014-07-07,6823.5,4451.52978515625
2014-07-08,6738.5,4391.4599609375
2014-07-09,6718.0,4419.02978515625
2014-07-10,6672.39990234375,4396.2001953125
2014-07-11,6690.2001953125,4415.490234375
2014-07-14,6746.10009765625,4440.419921875
2014-07-15,6710.5,4416.39013671875
2014-07-16,6784.7001953125,4425.97021484375
2014-07-17,6738.2998046875,4363.4501953125
2014-07-18,6749.5,4432.14990234375
2014-07-21,6728.39990234375,4424.7001953125
2014-07-22,6795.2998046875,4456.02001953125
2014-07-23,6798.2001953125,4473.7001953125
2014-07-24,6821.5,4472.10986328125
2014-07-25,6791.60009765625,4449.56005859375
2014-07-28,6788.10009765625,4444.91015625
2014-07-29,6807.7998046875,4442.7001953125
2014-07-30,6773.39990234375,4462.89990234375
2014-07-31,6730.10009765625,4369.77001953125
2014-08-01,6679.2001953125,4352.64013671875
2014-08-04,6677.5,4383.89013671875
2014-08-05,6682.5,4352.83984375
2014-08-06,6636.2001953125,4355.0498046875
2014-08-07,6597.39990234375,4334.97021484375
2014-08-08,6567.39990234375,4370.89990234375
2014-08-11,6632.7998046875,4401.330078125
2014-08-12,6632.39990234375,4389.25
2014-08-13,6656.7001953125,4434.1298828125
2014-08-14,6685.2998046875,4453.0
2014-08-15,6689.10009765625,4464.93017578125
2014-08-18,6741.2998046875,4508.31005859375
2014-08-19,6779.2998046875,4527.509765625
2014-08-20,6755.5,4526.47998046875
2014-08-21,6777.7001953125,4532.10009765625
2014-08-22,6775.2998046875,4538.5498046875
2014-08-25,,4557.35009765625
2014-08-26,6822.7998046875,4570.64013671875
2014-08-27,6830.7001953125,4569.6201171875
2014-08-28,6805.7998046875,4557.7001953125
2014-08-29,6819.7998046875,4580.27001953125
2014-09-01,6825.2998046875,
2014-09-02,6829.2001953125,4598.18994140625
2014-09-03,6873.60009765625,4572.56005859375
2014-09-04,6878.0,4562.2900390625
2014-09-05,6855.10009765625,4582.89990234375
2014-09-08,6834.7998046875,4592.2900390625
2014-09-09,6829.0,4552.2900390625
2014-09-10,6830.10009765625,4586.52001953125
2014-09-11,6799.60009765625,4591.81005859375
2014-09-12,6807.0,4567.60009765625
2014-09-15,6804.2001953125,4518.89990234375
2014-09-16,6792.2001953125,4552.759765625
2014-09-17,6780.89990234375,4562.18994140625
2014-09-18,6819.2998046875,4593.43017578125
2014-09-19,6837.89990234375,4579.7900390625
2014-09-22,6773.60009765625,4527.68994140625
2014-09-23,6676.10009765625,4508.68994140625
2014-09-24,6706.2998046875,4555.22021484375
2014-09-25,6639.7001953125,4466.75
2014-09-26,6649.39990234375,4512.18994140625
2014-09-29,6646.60009765625,4505.85009765625
2014-09-30,6622.7001953125,4493.39013671875
2014-10-01,6557.5,4422.08984375
2014-10-02,6446.39990234375,4430.2001953125
2014-10-03,6527.89990234375,4475.6201171875
2014-10-06,6563.7001953125,4454.7998046875
2014-10-07,6495.60009765625,4385.2001953125
2014-10-08,6482.2001953125,4468.58984375
2014-10-09,6431.89990234375,4378.33984375
2014-10-10,6340.0,4276.240234375
2014-10-13,6366.2001953125,4213.66015625
2014-10-14,6392.7001953125,4227.169921875
2014-10-15,6211.60009765625,4215.31982421875
2014-10-16,6195.89990234375,4217.39013671875
2014-10-17,6310.2998046875,4258.43994140625
2014-10-20,6267.10009765625,4316.06982421875
2014-10-21,6372.2998046875,4419.47998046875
2014-10-22,6399.7001953125,4382.85009765625
2014-10-23,6419.2001953125,4452.7900390625
2014-10-24,6388.7001953125,4483.72021484375
2014-10-27,6363.5,4485.93017578125
2014-10-28,6402.2001953125,4564.2900390625
2014-10-29,6453.89990234375,4549.22998046875
2014-10-30,6463.60009765625,4566.14013671875
2014-10-31,6546.5,4630.740234375
2014-11-03,6488.0,4638.91015625
2014-11-04,6454.0,4623.64013671875
2014-11-05,6539.10009765625,4620.72021484375
2014-11-06,6551.2001953125,4638.47021484375
2014-11-07,6567.2001953125,4632.52978515625
2014-11-10,6611.2998046875,4651.6201171875
2014-11-11,6627.39990234375,4660.56005859375
2014-11-12,6611.0,4675.14013671875
2014-11-13,6635.5,4680.14013671875
2014-11-14,6654.39990234375,4688.5400390625
2014-11-17,6672.0,4671.0
2014-11-18,6709.10009765625,4702.43994140625
2014-11-19,6696.60009765625,4675.7099609375
2014-11-20,6678.89990234375,4701.8701171875
2014-11-21,6750.7998046875,4712.97021484375
2014-11-24,6729.7998046875,4754.89013671875
2014-11-25,6731.10009765625,4758.25
2014-11-26,6729.2001953125,4787.31982421875
2014-11-27,6723.39990234375,
2014-11-28,6722.60009765625,4791.6298828125
2014-12-01,6656.39990234375,4727.35009765625
2014-12-02,6742.10009765625,4755.81005859375
2014-12-03,6716.60009765625,4774.47021484375
2014-12-04,6679.39990234375,4769.43994140625
2014-12-05,6742.7998046875,4780.759765625
2014-12-08,6672.2001953125,4740.68994140625
2014-12-09,6529.5,4766.47021484375
2014-12-10,6500.0,4684.02001953125
2014-12-11,6461.7001953125,4708.16015625
2014-12-12,6300.60009765625,4653.60009765625
2014-12-15,6182.7001953125,4605.16015625
2014-12-16,6331.7998046875,4547.830078125
2014-12-17,6336.5,4644.31005859375
2014-12-18,6466.0,4748.39990234375
2014-12-19,6545.2998046875,4765.3798828125
2014-12-22,6576.7001953125,4781.419921875
2014-12-23,6598.2001953125,4765.419921875
2014-12-24,6609.89990234375,4773.47021484375
2014-12-26,,4806.85986328125
2014-12-29,6633.5,4806.91015625
2014-12-30,6547.0,4777.43994140625
2014-12-31,6566.10009765625,4736.0498046875
2015-01-02,6547.7998046875,4726.81005859375
2015-01-05,6417.2001953125,4652.56982421875
2015-01-06,6366.5,4592.740234375
2015-01-07,6419.7998046875,4650.47021484375
2015-01-08,6570.0,4736.18994140625
2015-01-09,6501.10009765625,4704.06982421875
2015-01-12,6501.39990234375,4664.7099609375
2015-01-13,6542.2001953125,4661.5
2015-01-14,6388.5,4639.31982421875
2015-01-15,6498.7998046875,4570.81982421875
2015-01-16,6550.2998046875,4634.3798828125
2015-01-19,6585.5,
2015-01-20,6620.10009765625,4654.85009765625
2015-01-21,6728.0,4667.419921875
2015-01-22,6796.60009765625,4750.39990234375
2015-01-23,6832.7998046875,4757.8798828125
2015-01-26,6852.39990234375,4771.759765625
2015-01-27,6811.60009765625,4681.5
2015-01-28,6825.89990234375,4637.990234375
2015-01-29,6810.60009765625,4683.41015625
2015-01-30,6749.39990234375,4635.240234375
2015-02-02,6782.60009765625,4676.68994140625
2015-02-03,6871.7998046875,4727.740234375
2015-02-04,6860.0,4716.7001953125
2015-02-05,6865.89990234375,4765.10009765625
2015-02-06,6853.39990234375,4744.39990234375
2015-02-09,6837.2001953125,4726.009765625
2015-02-10,6829.10009765625,4787.64013671875
2015-02-11,6818.2001953125,4801.18017578125
2015-02-12,6828.10009765625,4857.60986328125
2015-02-13,6873.5,4893.83984375
2015-02-16,6857.10009765625,
2015-02-17,6898.10009765625,4899.27001953125
2015-02-18,6898.10009765625,4906.35986328125
2015-02-19,6888.89990234375,4924.7001953125
2015-02-20,6915.2001953125,4955.97021484375
2015-02-23,6912.2001953125,4960.97021484375
2015-02-24,6949.60009765625,4968.1201171875
2015-02-25,6935.39990234375,4967.14013671875
2015-02-26,6949.7001953125,4987.89013671875
2015-02-27,6946.7001953125,4963.52978515625
2015-03-02,6940.60009765625,5008.10009765625
2015-03-03,6889.10009765625,4979.89990234375
2015-03-04,6919.2001953125,4967.14013671875
2015-03-05,6961.10009765625,4982.81005859375
2015-03-06,6911.7998046875,4927.3701171875
2015-03-09,6876.5,4942.43994140625
2015-03-10,6702.7998046875,4859.7900390625
2015-03-11,6721.5,4849.93994140625
2015-03-12,6761.10009765625,4893.2900390625
2015-03-13,6740.60009765625,4871.759765625
2015-03-16,6804.10009765625,4929.509765625
2015-03-17,6837.60009765625,4937.43017578125
2015-03-18,6945.2001953125,4982.830078125
2015-03-19,6962.2998046875,4992.3798828125
2015-03-20,7022.5,5026.419921875
2015-03-23,7037.7001953125,5010.97021484375
2015-03-24,7019.7001953125,4994.72998046875
2015-03-25,6991.0,4876.52001953125
2015-03-26,6895.2998046875,4863.35986328125
2015-03-27,6855.0,4891.22021484375
2015-03-30,6891.39990234375,4947.43994140625
2015-03-31,6773.0,4900.8798828125
2015-04-01,6809.5,4880.22998046875
2015-04-02,6833.5,4886.93994140625
2015-04-06,,4917.31982421875
2015-04-07,6961.7998046875,4910.22998046875
2015-04-08,6937.39990234375,4950.81982421875
2015-04-09,7015.39990234375,4974.56005859375
2015-04-10,7089.7998046875,4995.97998046875
2015-04-13,7064.2998046875,4988.25
2015-04-14,7075.2998046875,4977.2900390625
2015-04-15,7096.7998046875,5011.02001953125
2015-04-16,7060.5,5007.7900390625
2015-04-17,6994.60009765625,4931.81005859375
2015-04-20,7052.10009765625,4994.60009765625
2015-04-21,7062.89990234375,5014.10009765625
2015-04-22,7028.2001953125,5035.169921875
2015-04-23,7053.7001953125,5056.06005859375
2015-04-24,7070.7001953125,5092.080078125
2015-04-27,7104.0,5060.25
2015-04-28,7030.5,5055.419921875
2015-04-29,6946.2998046875,5023.64013671875
2015-04-30,6960.60009765625,4941.419921875
2015-05-01,6986.0,5005.39013671875
2015-05-04,,5016.93017578125
2015-05-05,6927.60009765625,4939.330078125
2015-05-06,6933.7001953125,4919.64013671875
2015-05-07,6887.0,4945.5400390625
2015-05-08,7046.7998046875,5003.5498046875
2015-05-11,7029.89990234375,4993.56982421875
2015-05-12,6933.7998046875,4976.18994140625
2015-05-13,6949.60009765625,4981.68994140625
2015-05-14,6973.0,5050.7998046875
2015-05-15,6960.5,5048.2900390625
2015-05-18,6968.89990234375,5078.43994140625
2015-05-19,6995.10009765625,5070.02978515625
2015-05-20,7007.2998046875,5071.740234375
2015-05-21,7013.5,5090.7900390625
2015-05-22,7031.7001953125,5089.35986328125
2015-05-26,6949.0,5032.75
2015-05-27,7033.2998046875,5106.58984375
2015-05-28,7040.89990234375,5097.97998046875
2015-05-29,6984.39990234375,5070.02978515625
2015-06-01,6953.60009765625,5082.93017578125
2015-06-02,6928.2998046875,5076.52001953125
2015-06-03,6950.5,5099.22998046875
2015-06-04,6859.2001953125,5059.1201171875
2015-06-05,6804.60009765625,5068.4599609375
2015-06-08,6790.0,5021.6298828125
2015-06-09,6753.7998046875,5013.8701171875
2015-06-10,6830.2998046875,5076.68994140625
2015-06-11,6846.7001953125,5082.509765625
2015-06-12,6784.89990234375,5051.10009765625
2015-06-15,6710.5,5029.97021484375
2015-06-16,6710.10009765625,5055.5498046875
2015-06-17,6680.60009765625,5064.8798828125
2015-06-18,6707.89990234375,5132.9501953125
2015-06-19,6710.5,5117.0
2015-06-22,6825.7001953125,5153.97021484375
2015-06-23,6834.89990234375,5160.08984375
2015-06-24,6844.7998046875,5122.41015625
2015-06-25,6807.7998046875,5112.18994140625
2015-06-26,6753.7001953125,5080.509765625
2015-06-29,6620.5,4958.47021484375
2015-06-30,6521.0,4986.8701171875
2015-07-01,6608.60009765625,5013.1201171875
2015-07-02,6630.5,5009.2099609375
2015-07-03,6585.7998046875,
2015-07-06,6535.7001953125,4991.93994140625
2015-07-07,6432.2001953125,4997.4599609375
2015-07-08,6490.7001953125,4909.759765625
2015-07-09,6581.60009765625,4922.39990234375
2015-07-10,6673.39990234375,4997.7001953125
2015-07-13,6738.0,5071.509765625
2015-07-14,6753.7998046875,5104.89013671875
2015-07-15,6753.7998046875,5098.93994140625
2015-07-16,6796.5,5163.18017578125
2015-07-17,6775.10009765625,5210.14013671875
2015-07-20,6788.7001953125,5218.85986328125
2015-07-21,6769.10009765625,5208.1201171875
2015-07-22,6667.2998046875,5171.77001953125
2015-07-23,6655.0,5146.41015625
2015-07-24,6579.7998046875,5088.6298828125
2015-07-27,6505.10009765625,5039.77978515625
2015-07-28,6555.2998046875,5089.2099609375
2015-07-29,6631.0,5111.72998046875
2015-07-30,6668.89990234375,5128.77978515625
2015-07-31,6696.2998046875,5128.27978515625
2015-08-03,6688.60009765625,5115.3798828125
2015-08-04,6686.60009765625,5105.5498046875
2015-08-05,6752.39990234375,5139.93994140625
2015-08-06,6747.10009765625,5056.43994140625
2015-08-07,6718.5,5043.5400390625
2015-08-10,6736.2001953125,5101.7998046875
2015-08-11,6664.5,5036.7900390625
2015-08-12,6571.2001953125,5044.39013671875
2015-08-13,6568.2998046875,5033.56005859375
2015-08-14,6550.7001953125,5048.240234375
2015-08-17,6550.2998046875,5091.7001953125
2015-08-18,6526.2998046875,5059.35009765625
2015-08-19,6403.5,5019.0498046875
2015-08-20,6367.89990234375,4877.490234375
2015-08-21,6187.7001953125,4706.0400390625
2015-08-24,5898.89990234375,4526.25
2015-08-25,6081.2998046875,4506.490234375
2015-08-26,5979.2001953125,4697.5400390625
2015-08-27,6192.0,4812.7099609375
2015-08-28,6247.89990234375,4828.31982421875
2015-08-31,,4776.509765625
2015-09-01,6058.5,4636.10009765625
2015-09-02,6083.2998046875,4749.97998046875
2015-09-03,6194.10009765625,4733.5
2015-09-04,6042.89990234375,4683.919921875
2015-09-07,6074.5,
2015-09-08,6146.10009765625,4811.93017578125
2015-09-09,6229.0,4756.52978515625
2015-09-10,6155.7998046875,4796.25
2015-09-11,6117.7998046875,4822.33984375
2015-09-14,6084.60009765625,4805.759765625
2015-09-15,6137.60009765625,4860.52001953125
2015-09-16,6229.2001953125,4889.240234375
2015-09-17,6187.0,4893.9501953125
2015-09-18,6104.10009765625,4827.22998046875
2015-09-21,6108.7001953125,4828.9501953125
2015-09-22,5935.7998046875,4756.72021484375
2015-09-23,6032.2001953125,4752.740234375
2015-09-24,5961.5,4734.47998046875
2015-09-25,6109.0,4686.5
2015-09-28,5958.89990234375,4543.97021484375
2015-09-29,5909.2001953125,4517.31982421875
2015-09-30,6061.60009765625,4620.16015625
2015-10-01,6072.5,4627.080078125
2015-10-02,6130.0,4707.77978515625
2015-10-05,6298.89990234375,4781.259765625
2015-10-06,6326.2001953125,4748.35986328125
2015-10-07,6336.39990234375,4791.14990234375
2015-10-08,6374.7998046875,4810.7900390625
2015-10-09,6416.2001953125,4830.47021484375
2015-10-12,6371.2001953125,4838.64013671875
2015-10-13,6342.2998046875,4796.60986328125
2015-10-14,6269.60009765625,4782.85009765625
2015-10-15,6338.7001953125,4870.10009765625
2015-10-16,6378.0,4886.68994140625
2015-10-19,6352.2998046875,4905.47021484375
2015-10-20,6345.10009765625,4880.97021484375
2015-10-21,6348.39990234375,4840.1201171875
2015-10-22,6376.2998046875,4920.0498046875
2015-10-23,6444.10009765625,5031.85986328125
2015-10-26,6417.0,5034.7001953125
2015-10-27,6365.2998046875,5030.14990234375
2015-10-28,6437.7998046875,5095.68994140625
2015-10-29,6395.7998046875,5074.27001953125
2015-10-30,6361.10009765625,5053.75
2015-11-02,6361.7998046875,5127.14990234375
2015-11-03,6383.60009765625,5145.1298828125
2015-11-04,6412.89990234375,5142.47998046875
2015-11-05,6364.89990234375,5127.740234375
2015-11-06,6353.7998046875,5147.1201171875
2015-11-09,6295.2001953125,5095.2998046875
2015-11-10,6275.2998046875,5083.240234375
2015-11-11,6297.2001953125,5067.02001953125
2015-11-12,6178.7001953125,5005.080078125
2015-11-13,6118.2998046875,4927.8798828125
2015-11-16,6146.39990234375,4984.6201171875
2015-11-17,6268.7998046875,4986.02001953125
2015-11-18,6279.0,5075.2001953125
2015-11-19,6329.89990234375,5073.64013671875
2015-11-20,6334.60009765625,5104.919921875
2015-11-23,6305.5,5102.47998046875
2015-11-24,6277.2001953125,5102.81005859375
2015-11-25,6337.60009765625,5116.14013671875
2015-11-26,6393.10009765625,
2015-11-27,6375.2001953125,5127.52001953125
2015-11-30,6356.10009765625,5108.669921875
2015-12-01,6395.7001953125,5156.31005859375
2015-12-02,6420.89990234375,5123.22021484375
2015-12-03,6275.0,5037.52978515625
2015-12-04,6238.2998046875,5142.27001953125
2015-12-07,6223.5,5101.81005859375
2015-12-08,6135.2001953125,5098.240234375
2015-12-09,6126.7001953125,5022.8701171875
2015-12-10,6088.10009765625,5045.169921875
2015-12-11,5952.7998046875,4933.47021484375
2015-12-14,5874.10009765625,4952.22998046875
2015-12-15,6017.7998046875,4995.35986328125
2015-12-16,6061.2001953125,5071.1298828125
2015-12-17,6102.5,5002.5498046875
2015-12-18,6052.39990234375,4923.080078125
2015-12-21,6034.7998046875,4968.919921875
2015-12-22,6083.10009765625,5001.10986328125
2015-12-23,6241.0,5045.93017578125
2015-12-24,6254.60009765625,5048.490234375
2015-12-28,,5040.990234375
2015-12-29,6314.60009765625,5107.93994140625
2015-12-30,6274.10009765625,5065.85009765625
2015-12-31,6242.2998046875,5007.41015625
2016-01-04,6093.39990234375,4903.08984375
2016-01-05,6137.2001953125,4891.43017578125
2016-01-06,6073.39990234375,4835.759765625
2016-01-07,5954.10009765625,4689.43017578125
2016-01-08,5912.39990234375,4643.6298828125
2016-01-11,5871.7998046875,4637.990234375
2016-01-12,5929.2001953125,4685.919921875
2016-01-13,5961.0,4526.06005859375
2016-01-14,5918.2001953125,4615.0
2016-01-15,5804.10009765625,4488.419921875
2016-01-18,5779.89990234375,
2016-01-19,5876.7998046875,4476.9501953125
2016-01-20,5673.60009765625,4471.68994140625
2016-01-21,5773.7998046875,4472.06005859375
2016-01-22,5900.0,4591.18017578125
2016-01-25,5877.0,4518.490234375
2016-01-26,5911.5,4567.669921875
2016-01-27,5990.39990234375,4468.169921875
2016-01-28,5931.7998046875,4506.68017578125
2016-01-29,6083.7998046875,4613.9501953125
2016-02-01,6060.10009765625,4620.3701171875
2016-02-02,5922.0,4516.9501953125
2016-02-03,5837.10009765625,4504.240234375
2016-02-04,5898.7998046875,4509.56005859375
2016-02-05,5848.10009765625,4363.14013671875
2016-02-08,5689.39990234375,4283.75
2016-02-09,5632.2001953125,4268.759765625
2016-02-10,5672.2998046875,4283.58984375
2016-02-11,5537.0,4266.83984375
2016-02-12,5707.60009765625,4337.509765625
2016-02-15,5824.2998046875,
2016-02-16,5862.2001953125,4435.9599609375
2016-02-17,6030.2998046875,4534.06005859375
2016-02-18,5972.0,4487.5400390625
2016-02-19,5950.2001953125,4504.43017578125
2016-02-22,6037.7001953125,4570.60986328125
2016-02-23,5962.2998046875,4503.580078125
2016-02-24,5867.2001953125,4542.60986328125
2016-02-25,6012.7998046875,4582.2001953125
2016-02-26,6096.0,4590.47021484375
2016-02-29,6097.10009765625,4557.9501953125
2016-03-01,6152.89990234375,4689.60009765625
2016-03-02,6147.10009765625,4703.419921875
2016-03-03,6130.5,4707.419921875
2016-03-04,6199.39990234375,4717.02001953125
2016-03-07,6182.39990234375,4708.25
2016-03-08,6125.39990234375,4648.81982421875
2016-03-09,6146.2998046875,4674.3798828125
2016-03-10,6036.7001953125,4662.16015625
2016-03-11,6139.7998046875,4748.47021484375
2016-03-14,6174.60009765625,4750.27978515625
2016-03-15,6140.0,4728.669921875
2016-03-16,6175.5,4763.97021484375
2016-03-17,6201.10009765625,4774.990234375
2016-03-18,6189.60009765625,4795.64990234375
2016-03-21,6184.60009765625,4808.8701171875
2016-03-22,6192.7001953125,4821.66015625
2016-03-23,6199.10009765625,4768.85986328125
2016-03-24,6106.5,4773.5
2016-03-28,,4766.7900390625
2016-03-29,6105.89990234375,4846.6201171875
2016-03-30,6203.2001953125,4869.2900390625
2016-03-31,6174.89990234375,4869.85009765625
2016-04-01,6146.10009765625,4914.5400390625
2016-04-04,6164.7001953125,4891.7998046875
2016-04-05,6091.2001953125,4843.93017578125
2016-04-06,6161.60009765625,4920.72021484375
2016-04-07,6136.89990234375,4848.3701171875
2016-04-08,6204.39990234375,4850.68994140625
2016-04-11,6200.10009765625,4833.39990234375
2016-04-12,6242.39990234375,4872.08984375
2016-04-13,6362.89990234375,4947.419921875
2016-04-14,6365.10009765625,4945.89013671875
2016-04-15,6343.7998046875,4938.22021484375
2016-04-18,6353.5,4960.02001953125
2016-04-19,6405.39990234375,4940.330078125
2016-04-20,6410.2998046875,4948.1298828125
2016-04-21,6381.39990234375,4945.89013671875
2016-04-22,6310.39990234375,4906.22998046875
2016-04-25,6260.89990234375,4895.7900390625
2016-04-26,6284.5,4888.27978515625
2016-04-27,6319.89990234375,4863.14013671875
2016-04-28,6322.39990234375,4805.2900390625
2016-04-29,6241.89990234375,4775.35986328125
2016-05-02,,4817.58984375
2016-05-03,6185.60009765625,4763.22021484375
2016-05-04,6112.0,4725.64013671875
2016-05-05,6117.2998046875,4717.08984375
2016-05-06,6125.7001953125,4736.16015625
2016-05-09,6114.7998046875,4750.2099609375
2016-05-10,6156.7001953125,4809.8798828125
2016-05-11,6162.5,4760.68994140625
2016-05-12,6104.2001953125,4737.330078125
2016-05-13,6138.5,4717.68017578125
2016-05-16,6151.39990234375,4775.4599609375
2016-05-17,6167.7998046875,4715.72998046875
2016-05-18,6165.7998046875,4739.1201171875
2016-05-19,6053.39990234375,4712.52978515625
2016-05-20,6156.2998046875,4769.56005859375
2016-05-23,6136.39990234375,4765.77978515625
2016-05-24,6219.2998046875,4861.06005859375
2016-05-25,6262.89990234375,4894.89013671875
2016-05-26,6265.7001953125,4901.77001953125
2016-05-27,6270.7998046875,4933.5
2016-05-31,6230.7998046875,4948.0498046875
2016-06-01,6191.89990234375,4952.25
2016-06-02,6185.60009765625,4971.35986328125
2016-06-03,6209.60009765625,4942.52001953125
2016-06-06,6273.39990234375,4968.7099609375
2016-06-07,6284.5,4961.75
2016-06-08,6301.5,4974.64013671875
2016-06-09,6231.89990234375,4958.6201171875
2016-06-10,6115.7998046875,4894.5498046875
2016-06-13,6045.0,4848.43994140625
2016-06-14,5923.5,4843.5498046875
2016-06-15,5966.7998046875,4834.93017578125
2016-06-16,5950.5,4844.919921875
2016-06-17,6021.10009765625,4800.33984375
2016-06-20,6204.0,4837.2099609375
2016-06-21,6226.60009765625,4843.759765625
2016-06-22,6261.2001953125,4833.31982421875
2016-06-23,6338.10009765625,4910.0400390625
2016-06-24,6138.7001953125,4707.97998046875
2016-06-27,5982.2001953125,4594.43994140625
2016-06-28,6140.39990234375,4691.8701171875
2016-06-29,6360.10009765625,4779.25
2016-06-30,6504.2998046875,4842.669921875
2016-07-01,6577.7998046875,4862.56982421875
2016-07-04,6522.2998046875,
2016-07-05,6545.39990234375,4822.89990234375
2016-07-06,6463.60009765625,4859.16015625
2016-07-07,6533.7998046875,4876.81005859375
2016-07-08,6590.60009765625,4956.759765625
2016-07-11,6682.89990234375,4988.64013671875
2016-07-12,6680.7001953125,5022.81982421875
2016-07-13,6670.39990234375,5005.72998046875
2016-07-14,6654.5,5034.06005859375
2016-07-15,6669.2001953125,5029.58984375
2016-07-18,6695.39990234375,5055.77978515625
2016-07-19,6697.39990234375,5036.3701171875
2016-07-20,6729.0,5089.93017578125
2016-07-21,6699.89990234375,5073.89990234375
2016-07-22,6730.5,5100.16015625
2016-07-25,6710.10009765625,5097.6298828125
2016-07-26,6724.0,5110.0498046875
2016-07-27,6750.39990234375,5139.81005859375
2016-07-28,6721.10009765625,5154.97998046875
2016-07-29,6724.39990234375,5162.1298828125
2016-08-01,6694.0,5184.2001953125
2016-08-02,6645.39990234375,5137.72998046875
2016-08-03,6634.39990234375,5159.740234375
2016-08-04,6740.2001953125,5166.25
2016-08-05,6793.5,5221.1201171875
2016-08-08,6809.10009765625,5213.14013671875
2016-08-09,6851.2998046875,5225.47998046875
2016-08-10,6866.39990234375,5204.580078125
2016-08-11,6914.7001953125,5228.39990234375
2016-08-12,6916.0,5232.89013671875
2016-08-15,6941.2001953125,5262.02001953125
2016-08-16,6893.89990234375,5227.10986328125
2016-08-17,6859.2001953125,5228.66015625
2016-08-18,6869.0,5240.14990234375
2016-08-19,6859.0,5238.3798828125
2016-08-22,6828.5,5244.60009765625
2016-08-23,6868.5,5260.080078125
2016-08-24,6835.7998046875,5217.68994140625
2016-08-25,6816.89990234375,5212.2001953125
2016-08-26,6838.10009765625,5218.919921875
2016-08-29,,5232.330078125
2016-08-30,6820.7998046875,5222.990234375
2016-08-31,6781.5,5213.22021484375
2016-09-01,6746.0,5227.2099609375
2016-09-02,6894.60009765625,5249.89990234375
2016-09-05,6879.39990234375,
2016-09-06,6826.10009765625,5275.91015625
2016-09-07,6846.60009765625,5283.93017578125
2016-09-08,6858.7001953125,5259.47998046875
2016-09-09,6777.0,5125.91015625
2016-09-12,6700.89990234375,5211.89013671875
2016-09-13,6665.60009765625,5155.25
2016-09-14,6673.2998046875,5173.77001953125
2016-09-15,6730.2998046875,5249.68994140625
2016-09-16,6710.2998046875,5244.56982421875
2016-09-19,6813.60009765625,5235.02978515625
2016-09-20,6830.7998046875,5241.35009765625
2016-09-21,6834.7998046875,5295.18017578125
2016-09-22,6911.39990234375,5339.52001953125
2016-09-23,6909.39990234375,5305.75
2016-09-26,6818.0,5257.490234375
2016-09-27,6807.7001953125,5305.7099609375
2016-09-28,6849.39990234375,5318.5498046875
2016-09-29,6919.39990234375,5269.14990234375
2016-09-30,6899.2998046875,5312.0
2016-10-03,6983.5,5300.8701171875
2016-10-04,7074.2998046875,5289.66015625
2016-10-05,7033.2998046875,5316.02001953125
2016-10-06,7000.0,5306.85009765625
2016-10-07,7044.39990234375,5292.39990234375
2016-10-10,7097.5,5328.669921875
2016-10-11,7070.89990234375,5246.7900390625
2016-10-12,7024.0,5239.02001953125
2016-10-13,6977.7001953125,5213.330078125
2016-10-14,7013.60009765625,5214.16015625
2016-10-17,6947.60009765625,5199.81982421875
2016-10-18,7000.10009765625,5243.83984375
2016-10-19,7021.89990234375,5246.41015625
2016-10-20,7026.89990234375,5241.830078125
2016-10-21,7020.5,5257.39990234375
2016-10-24,6986.39990234375,5309.830078125
2016-10-25,7017.60009765625,5283.39990234375
2016-10-26,6958.10009765625,5250.27001953125
2016-10-27,6986.60009765625,5215.97021484375
2016-10-28,6996.2998046875,5190.10009765625
2016-10-31,6954.2001953125,5189.14013671875
2016-11-01,6917.10009765625,5153.580078125
2016-11-02,6845.39990234375,5105.56982421875
2016-11-03,6790.5,5058.41015625
2016-11-04,6693.2998046875,5046.3701171875
2016-11-07,6806.89990234375,5166.169921875
2016-11-08,6843.10009765625,5193.490234375
2016-11-09,6911.7998046875,5251.06982421875
2016-11-10,6828.0,5208.7998046875
2016-11-11,6730.39990234375,5237.10986328125
2016-11-14,6753.2001953125,5218.39990234375
2016-11-15,6792.7001953125,5275.6201171875
2016-11-16,6749.7001953125,5294.580078125
2016-11-17,6794.7001953125,5333.97021484375
2016-11-18,6775.7998046875,5321.509765625
2016-11-21,6778.0,5368.85986328125
2016-11-22,6819.7001953125,5386.35009765625
2016-11-23,6817.7001953125,5380.68017578125
2016-11-24,6829.2001953125,
2016-11-25,6840.7998046875,5398.919921875
2016-11-28,6799.5,5368.81005859375
2016-11-29,6772.0,5379.919921875
2016-11-30,6783.7998046875,5323.68017578125
2016-12-01,6752.89990234375,5251.10986328125
2016-12-02,6730.7001953125,5255.64990234375
2016-12-05,6746.7998046875,5308.89013671875
2016-12-06,6779.7998046875,5333.0
2016-12-07,6902.2001953125,5393.759765625
2016-12-08,6931.60009765625,5417.35986328125
2016-12-09,6954.2001953125,5444.5
2016-12-12,6890.39990234375,5412.5400390625
2016-12-13,6968.60009765625,5463.830078125
2016-12-14,6949.2001953125,5436.669921875
2016-12-15,6999.0,5456.85009765625
2016-12-16,7011.60009765625,5437.16015625
2016-12-19,7017.2001953125,5457.43994140625
2016-12-20,7044.0,5483.93994140625
2016-12-21,7041.39990234375,5471.43017578125
2016-12-22,7063.7001953125,5447.419921875
2016-12-23,7068.2001953125,5462.68994140625
2016-12-27,,5487.43994140625
2016-12-28,7106.10009765625,5438.56005859375
2016-12-29,7120.2998046875,5432.08984375
2016-12-30,7142.7998046875,5383.1201171875
2017-01-03,7177.89990234375,5429.080078125
2017-01-04,7189.7001953125,5477.0
2017-01-05,7195.2998046875,5487.93994140625
2017-01-06,7210.10009765625,5521.06005859375
2017-01-09,7237.7998046875,5531.81982421875
2017-01-10,7275.5,5551.81982421875
2017-01-11,7290.5,5563.64990234375
2017-01-12,7292.39990234375,5547.490234375
2017-01-13,7337.7998046875,5574.1201171875
2017-01-16,7327.10009765625,
2017-01-17,7220.39990234375,5538.72998046875
2017-01-18,7247.60009765625,5555.64990234375
2017-01-19,7208.39990234375,5540.080078125
2017-01-20,7198.39990234375,5555.330078125
2017-01-23,7151.2001953125,5552.93994140625
2017-01-24,7150.2998046875,5600.9599609375
2017-01-25,7164.39990234375,5656.33984375
2017-01-26,7161.5,5655.18017578125
2017-01-27,7184.5,5660.77978515625
2017-01-30,7118.5,5613.7099609375
2017-01-31,7099.2001953125,5614.7900390625
2017-02-01,7107.7001953125,5642.64990234375
2017-02-02,7140.7998046875,5636.2001953125
2017-02-03,7188.2998046875,5666.77001953125
2017-02-06,7172.2001953125,5663.5498046875
2017-02-07,7186.2001953125,5674.22021484375
2017-02-08,7188.7998046875,5682.4501953125
2017-02-09,7229.5,5715.18017578125
2017-02-10,7258.7998046875,5734.1298828125
2017-02-13,7278.89990234375,5763.9599609375
2017-02-14,7268.60009765625,5782.56982421875
2017-02-15,7302.39990234375,5819.43994140625
2017-02-16,7277.89990234375,5814.89990234375
2017-02-17,7300.0,5838.580078125
2017-02-20,7299.89990234375,
2017-02-21,7274.7998046875,5865.9501953125
2017-02-22,7302.2998046875,5860.6298828125
2017-02-23,7271.39990234375,5835.509765625
2017-02-24,7243.7001953125,5845.31005859375
2017-02-27,7253.0,5861.89990234375
2017-02-28,7263.39990234375,5825.43994140625
2017-03-01,7382.89990234375,5904.02978515625
2017-03-02,7382.39990234375,5861.22021484375
2017-03-03,7374.2998046875,5870.75
2017-03-06,7350.10009765625,5849.18017578125
2017-03-07,7339.0,5833.93017578125
2017-03-08,7334.60009765625,5837.5498046875
2017-03-09,7315.0,5838.81005859375
2017-03-10,7343.10009765625,5861.72998046875
2017-03-13,7367.10009765625,5875.77978515625
2017-03-14,7357.89990234375,5856.81982421875
2017-03-15,7368.60009765625,5900.0498046875
2017-03-16,7416.0,5900.759765625
2017-03-17,7425.0,5901.0
2017-03-20,7429.7998046875,5901.52978515625
2017-03-21,7378.2998046875,5793.830078125
2017-03-22,7324.7001953125,5821.64013671875
2017-03-23,7340.7001953125,5817.68994140625
2017-03-24,7336.7998046875,5828.740234375
2017-03-27,7293.5,5840.3701171875
2017-03-28,7343.39990234375,5875.14013671875
2017-03-29,7373.7001953125,5897.5498046875
2017-03-30,7369.5,5914.33984375
2017-03-31,7322.89990234375,5911.740234375
2017-04-03,7282.7001953125,5894.68017578125
2017-04-04,7321.7998046875,5898.60986328125
2017-04-05,7331.7001953125,5864.47998046875
2017-04-06,7303.2001953125,5878.9501953125
2017-04-07,7349.39990234375,5877.81005859375
2017-04-10,7348.89990234375,5880.93017578125
2017-04-11,7365.5,5866.77001953125
2017-04-12,7349.0,5836.16015625
2017-04-13,7327.60009765625,5805.14990234375
2017-04-17,,5856.7900390625
2017-04-18,7147.5,5849.47021484375
2017-04-19,7114.39990234375,5863.02978515625
2017-04-20,7118.5,5916.77978515625
2017-04-21,7114.60009765625,5910.52001953125
2017-04-24,7264.7001953125,5983.81982421875
2017-04-25,7275.60009765625,6025.490234375
2017-04-26,7288.7001953125,6025.22998046875
2017-04-27,7237.2001953125,6048.93994140625
2017-04-28,7203.89990234375,6047.60986328125
2017-05-01,,6091.60009765625
2017-05-02,7250.10009765625,6095.3701171875
2017-05-03,7234.5,6072.5498046875
2017-05-04,7248.10009765625,6075.33984375
2017-05-05,7297.39990234375,6100.759765625
2017-05-08,7300.89990234375,6102.66015625
2017-05-09,7342.2001953125,6120.58984375
2017-05-10,7385.2001953125,6129.14013671875
2017-05-11,7386.60009765625,6115.9599609375
2017-05-12,7435.39990234375,6121.22998046875
2017-05-15,7454.39990234375,6149.669921875
2017-05-16,7522.0,6169.8701171875
2017-05-17,7503.5,6011.240234375
2017-05-18,7436.39990234375,6055.1298828125
2017-05-19,7470.7001953125,6083.7001953125
2017-05-22,7496.2998046875,6133.6201171875
2017-05-23,7485.2998046875,6138.7099609375
2017-05-24,7514.89990234375,6163.02001953125
2017-05-25,7517.7001953125,6205.259765625
2017-05-26,7547.60009765625,6210.18994140625
2017-05-30,7526.5,6203.18994140625
2017-05-31,7520.0,6198.52001953125
2017-06-01,7543.7998046875,6246.830078125
2017-06-02,7547.60009765625,6305.7998046875
2017-06-05,7525.7998046875,6295.68017578125
2017-06-06,7525.0,6275.06005859375
2017-06-07,7478.60009765625,6297.3798828125
2017-06-08,7450.0,6321.759765625
2017-06-09,7527.2998046875,6207.919921875
2017-06-12,7511.89990234375,6175.4599609375
2017-06-13,7500.39990234375,6220.3701171875
2017-06-14,7474.39990234375,6194.89013671875
2017-06-15,7419.39990234375,6165.5
2017-06-16,7463.5,6151.759765625
2017-06-19,7523.7998046875,6239.009765625
2017-06-20,7472.7001953125,6188.02978515625
2017-06-21,7447.7998046875,6233.9501953125
2017-06-22,7439.2998046875,6236.68994140625
2017-06-23,7424.10009765625,6265.25
2017-06-26,7446.7998046875,6247.14990234375
2017-06-27,7434.39990234375,6146.6201171875
2017-06-28,7387.7998046875,6234.41015625
2017-06-29,7350.2998046875,6144.35009765625
2017-06-30,7312.7001953125,6140.419921875
2017-07-03,7377.10009765625,6110.06005859375
2017-07-04,7357.2001953125,
2017-07-05,7367.60009765625,6150.85986328125
2017-07-06,7337.2998046875,6089.4599609375
2017-07-07,7350.89990234375,6153.080078125
2017-07-10,7370.0,6176.39013671875
2017-07-11,7329.7998046875,6193.2998046875
2017-07-12,7416.89990234375,6261.169921875
2017-07-13,7413.39990234375,6274.43994140625
2017-07-14,7378.39990234375,6312.47021484375
2017-07-17,7404.10009765625,6314.43017578125
2017-07-18,7390.2001953125,6344.31005859375
2017-07-19,7430.89990234375,6385.0400390625
2017-07-20,7487.89990234375,6390.0
2017-07-21,7452.89990234375,6387.75
2017-07-24,7377.7001953125,6410.81005859375
2017-07-25,7434.7998046875,6412.169921875
2017-07-26,7452.2998046875,6422.75
2017-07-27,7443.0,6382.18994140625
2017-07-28,7368.39990234375,6374.68017578125
2017-07-31,7372.0,6348.1201171875
2017-08-01,7423.7001953125,6362.93994140625
2017-08-02,7411.39990234375,6362.64990234375
2017-08-03,7474.7998046875,6340.33984375
2017-08-04,7511.7001953125,6351.56005859375
2017-08-07,7531.89990234375,6383.77001953125
2017-08-08,7542.7001953125,6370.4599609375
2017-08-09,7498.10009765625,6352.330078125
2017-08-10,7389.89990234375,6216.8701171875
2017-08-11,7310.0,6256.56005859375
2017-08-14,7353.89990234375,6340.22998046875
2017-08-15,7383.89990234375,6333.009765625
2017-08-16,7433.0,6345.10986328125
2017-08-17,7387.89990234375,6221.91015625
2017-08-18,7324.0,6216.52978515625
2017-08-21,7318.89990234375,6213.1298828125
2017-08-22,7381.7001953125,6297.47998046875
2017-08-23,7382.7001953125,6278.41015625
2017-08-24,7407.10009765625,6271.330078125
2017-08-25,7401.5,6265.64013671875
2017-08-28,,6283.02001953125
2017-08-29,7337.39990234375,6301.89013671875
2017-08-30,7365.2998046875,6368.31005859375
2017-08-31,7430.60009765625,6428.66015625
2017-09-01,7438.5,6435.330078125
2017-09-04,7411.5,
2017-09-05,7372.89990234375,6375.56982421875
2017-09-06,7354.10009765625,6393.31005859375
2017-09-07,7397.0,6397.8701171875
2017-09-08,7377.60009765625,6360.18994140625
2017-09-11,7413.60009765625,6432.259765625
2017-09-12,7400.7001953125,6454.27978515625
2017-09-13,7379.7001953125,6460.18994140625
2017-09-14,7295.39990234375,6429.080078125
2017-09-15,7215.5,6448.47021484375
2017-09-18,7253.2998046875,6454.64013671875
2017-09-19,7275.2998046875,6461.31982421875
2017-09-20,7272.0,6456.0400390625
2017-09-21,7263.89990234375,6422.68994140625
2017-09-22,7310.60009765625,6426.919921875
2017-09-25,7301.2998046875,6370.58984375
2017-09-26,7285.7001953125,6380.16015625
2017-09-27,7313.5,6453.259765625
2017-09-28,7322.7998046875,6453.4501953125
2017-09-29,7372.7998046875,6495.9599609375
2017-10-02,7438.7998046875,6516.72021484375
2017-10-03,7468.10009765625,6531.7099609375
2017-10-04,7467.60009765625,6534.6298828125
2017-10-05,7508.0,6585.35986328125
2017-10-06,7522.89990234375,6590.18017578125
2017-10-09,7507.89990234375,6579.72998046875
2017-10-10,7538.2998046875,6587.25
2017-10-11,7533.7998046875,6603.5498046875
2017-10-12,7556.2001953125,6591.509765625
2017-10-13,7535.39990234375,6605.7998046875
2017-10-16,7527.0,6624.0
2017-10-17,7516.2001953125,6623.66015625
2017-10-18,7542.89990234375,6624.22021484375
2017-10-19,7523.0,6605.06982421875
2017-10-20,7523.2001953125,6629.0498046875
2017-10-23,7524.5,6586.830078125
2017-10-24,7526.5,6598.43017578125
2017-10-25,7447.2001953125,6563.89013671875
2017-10-26,7486.5,6556.77001953125
2017-10-27,7505.0,6701.259765625
2017-10-30,7487.7998046875,6698.9599609375
2017-10-31,7493.10009765625,6727.669921875
2017-11-01,7488.0,6716.52978515625
2017-11-02,7555.2998046875,6714.93994140625
2017-11-03,7560.39990234375,6764.43994140625
2017-11-06,7562.2998046875,6786.43994140625
2017-11-07,7513.10009765625,6767.77978515625
2017-11-08,7529.7001953125,6789.1201171875
2017-11-09,7484.10009765625,6750.0498046875
2017-11-10,7433.0,6750.93994140625
2017-11-13,7415.2001953125,6757.60009765625
2017-11-14,7414.39990234375,6737.8701171875
2017-11-15,7372.60009765625,6706.2099609375
2017-11-16,7386.89990234375,6793.2900390625
2017-11-17,7380.7001953125,6782.7900390625
2017-11-20,7389.5,6790.7099609375
2017-11-21,7411.2998046875,6862.47998046875
2017-11-22,7419.0,6867.35986328125
2017-11-23,7417.2001953125,
2017-11-24,7409.60009765625,6889.16015625
2017-11-27,7383.89990234375,6878.52001953125
2017-11-28,7460.7001953125,6912.35986328125
2017-11-29,7393.60009765625,6824.39013671875
2017-11-30,7326.7001953125,6873.97021484375
2017-12-01,7300.5,6847.58984375
2017-12-04,7339.0,6775.3701171875
2017-12-05,7327.5,6762.2099609375
2017-12-06,7348.0,6776.3798828125
2017-12-07,7320.7998046875,6812.83984375
2017-12-08,7394.0,6840.080078125
2017-12-11,7453.5,6875.080078125
2017-12-12,7500.39990234375,6862.31982421875
2017-12-13,7496.5,6875.7998046875
2017-12-14,7448.10009765625,6856.52978515625
2017-12-15,7490.60009765625,6936.580078125
2017-12-18,7537.0,6994.759765625
2017-12-19,7544.10009765625,6963.85009765625
2017-12-20,7525.2001953125,6960.9599609375
2017-12-21,7604.0,6965.35986328125
2017-12-22,7592.7001953125,6959.9599609375
2017-12-26,,6936.25
2017-12-27,7620.7001953125,6939.33984375
2017-12-28,7622.89990234375,6950.16015625
2017-12-29,7687.7998046875,6903.39013671875
